dir,base,name,offset,rom_addr,usize,method,csize
0x019EE70,0x468A90,CAM_BLNK.IMG,0x0,0x0468A90,0x0,0x0000,0x0
0x019EE70,0x468A90,CAM_SBAG.IMG,0x0,0x0468A90,0x0,0x0000,0x0
0x019EE70,0x468A90,CAM_CYCL.IMG,0x0,0x0468A90,0x0,0x0000,0x0
0x019EE70,0x468A90,CAM_BRIK.IMG,0x0,0x0468A90,0x0,0x0000,0x0
0x019EE70,0x468A90,CAM_SILO.IMG,0x0,0x0468A90,0x0,0x0000,0x0
0x019EE70,0x468A90,CAM_NUKE.IMG,0x0,0x0468A90,0x0,0x0000,0x0
0x019EE70,0x468A90,CAM_PYLE.IMG,0x0,0x0468A90,0x0,0x0000,0x0
0x019EE70,0x468A90,CAM_HAND.IMG,0x0,0x0468A90,0x0,0x0000,0x0
0x019EE70,0x468A90,CAM_GTWR.IMG,0x0,0x0468A90,0x0,0x0000,0x0
0x019EE70,0x468A90,CAM_SILO.IMG,0x0,0x0468A90,0x0,0x0000,0x0
0x019EE70,0x468A90,CAM_SILO.IMG,0x0,0x0468A90,0x0,0x0000,0x0
0x019EE70,0x468A90,CAM_GUN.IMG,0x0,0x0468A90,0x0,0x0000,0x0
0x019EE70,0x468A90,CAM_NUK2.IMG,0x0,0x0468A90,0x0,0x0000,0x0
0x019EE70,0x468A90,CAM_SAM.IMG,0x0,0x0468A90,0x0,0x0000,0x0
0x019EE70,0x468A90,CAM_HQ.IMG,0x0,0x0468A90,0x0,0x0000,0x0
0x019EE70,0x468A90,CAM_ATWR.IMG,0x0,0x0468A90,0x0,0x0000,0x0
0x019EE70,0x468A90,CAM_FIX.IMG,0x0,0x0468A90,0x0,0x0000,0x0
0x019EE70,0x468A90,CAM_HPAD.IMG,0x0,0x0468A90,0x0,0x0000,0x0
0x019EE70,0x468A90,CAM_OBLI.IMG,0x0,0x0468A90,0x0,0x0000,0x0
0x019EE70,0x468A90,CAM_PROC.IMG,0x0,0x0468A90,0x0,0x0000,0x0
0x019EE70,0x468A90,CAM_WEAP.IMG,0x0,0x0468A90,0x0,0x0000,0x0
0x019EE70,0x468A90,CAM_AFLD.IMG,0x0,0x0468A90,0x0,0x0000,0x0
0x019EE70,0x468A90,CAM_EYE.IMG,0x0,0x0468A90,0x0,0x0000,0x0
0x019EE70,0x468A90,CAM_TMPL.IMG,0x0,0x0468A90,0x0,0x0000,0x0
0x019EE70,0x468A90,CAM_E1.IMG,0x0,0x0468A90,0x0,0x0000,0x0
0x019EE70,0x468A90,CAM_E2.IMG,0x0,0x0468A90,0x0,0x0000,0x0
0x019EE70,0x468A90,CAM_E4.IMG,0x0,0x0468A90,0x0,0x0000,0x0
0x019EE70,0x468A90,CAM_E3.IMG,0x0,0x0468A90,0x0,0x0000,0x0
0x019EE70,0x468A90,CAM_E5.IMG,0x0,0x0468A90,0x0,0x0000,0x0
0x019EE70,0x468A90,CAM_E6.IMG,0x0,0x0468A90,0x0,0x0000,0x0
0x019EE70,0x468A90,CAM_RMBO.IMG,0x0,0x0468A90,0x0,0x0000,0x0
0x019EE70,0x468A90,CAM_BGGY.IMG,0x0,0x0468A90,0x0,0x0000,0x0
0x019EE70,0x468A90,CAM_JEEP.IMG,0x0,0x0468A90,0x0,0x0000,0x0
0x019EE70,0x468A90,CAM_ARTY.IMG,0x0,0x0468A90,0x0,0x0000,0x0
0x019EE70,0x468A90,CAM_BIKE.IMG,0x0,0x0468A90,0x0,0x0000,0x0
0x019EE70,0x468A90,CAM_LTNK.IMG,0x0,0x0468A90,0x0,0x0000,0x0
0x019EE70,0x468A90,CAM_APC.IMG,0x0,0x0468A90,0x0,0x0000,0x0
0x019EE70,0x468A90,CAM_MLRS.IMG,0x0,0x0468A90,0x0,0x0000,0x0
0x019EE70,0x468A90,CAM_MTNK.IMG,0x0,0x0468A90,0x0,0x0000,0x0
0x019EE70,0x468A90,CAM_MSAM.IMG,0x0,0x0468A90,0x0,0x0000,0x0
0x019EE70,0x468A90,CAM_FTNK.IMG,0x0,0x0468A90,0x0,0x0000,0x0
0x019EE70,0x468A90,CAM_SILO.IMG,0x0,0x0468A90,0x0,0x0000,0x0
0x019EE70,0x468A90,CAM_STNK.IMG,0x0,0x0468A90,0x0,0x0000,0x0
0x019EE70,0x468A90,CAM_HARV.IMG,0x0,0x0468A90,0x0,0x0000,0x0
0x019EE70,0x468A90,CAM_HTNK.IMG,0x0,0x0468A90,0x0,0x0000,0x0
0x019EE70,0x468A90,CAM_MCV.IMG,0x0,0x0468A90,0x0,0x0000,0x0
0x019EE70,0x468A90,CAM_ORCA.IMG,0x0,0x0468A90,0x0,0x0000,0x0
0x019EE70,0x468A90,CAM_HELI.IMG,0x0,0x0468A90,0x0,0x0000,0x0
0x019EE70,0x468A90,CAM_TRAN.IMG,0x0,0x0468A90,0x0,0x0000,0x0
0x019EE70,0x468A90,CAM_BOMB.IMG,0x0,0x0468A90,0x0,0x0000,0x0
0x019EE70,0x468A90,CAM_ION.IMG,0x0,0x0468A90,0x0,0x0000,0x0
0x019EE70,0x468A90,CAM_ATOM.IMG,0x0,0x0468A90,0x0,0x0000,0x0
0x019EE70,0x468A90,CAM_SLCT.IMG,0x0,0x0468A90,0x0,0x0000,0x0
0x019F380,0x468A90,CAM_BLNK.IMG,0x0,0x0468A90,0x0,0x0000,0x0
0x019F380,0x468A90,CAMSBAG2.IMG,0x0,0x0468A90,0x0,0x0000,0x0
0x019F380,0x468A90,CAMCYCL2.IMG,0x0,0x0468A90,0x0,0x0000,0x0
0x019F380,0x468A90,CAMBRIK2.IMG,0x0,0x0468A90,0x0,0x0000,0x0
0x019F380,0x468A90,CAMSILO2.IMG,0x0,0x0468A90,0x0,0x0000,0x0
0x019F380,0x468A90,CAMNUKE2.IMG,0x0,0x0468A90,0x0,0x0000,0x0
0x019F380,0x468A90,CAMPYLE2.IMG,0x0,0x0468A90,0x0,0x0000,0x0
0x019F380,0x468A90,CAMHAND2.IMG,0x0,0x0468A90,0x0,0x0000,0x0
0x019F380,0x468A90,CAMGTWR2.IMG,0x0,0x0468A90,0x0,0x0000,0x0
0x019F380,0x468A90,CAMSILO2.IMG,0x0,0x0468A90,0x0,0x0000,0x0
0x019F380,0x468A90,CAMSILO2.IMG,0x0,0x0468A90,0x0,0x0000,0x0
0x019F380,0x468A90,CAMGUN2.IMG,0x0,0x0468A90,0x0,0x0000,0x0
0x019F380,0x468A90,CAMNUK22.IMG,0x0,0x0468A90,0x0,0x0000,0x0
0x019F380,0x468A90,CAMSAM2.IMG,0x0,0x0468A90,0x0,0x0000,0x0
0x019F380,0x468A90,CAMHQ2.IMG,0x0,0x0468A90,0x0,0x0000,0x0
0x019F380,0x468A90,CAMATWR2.IMG,0x0,0x0468A90,0x0,0x0000,0x0
0x019F380,0x468A90,CAMFIX2.IMG,0x0,0x0468A90,0x0,0x0000,0x0
0x019F380,0x468A90,CAMHPAD2.IMG,0x0,0x0468A90,0x0,0x0000,0x0
0x019F380,0x468A90,CAMOBLI2.IMG,0x0,0x0468A90,0x0,0x0000,0x0
0x019F380,0x468A90,CAMPROC2.IMG,0x0,0x0468A90,0x0,0x0000,0x0
0x019F380,0x468A90,CAMWEAP2.IMG,0x0,0x0468A90,0x0,0x0000,0x0
0x019F380,0x468A90,CAMAFLD2.IMG,0x0,0x0468A90,0x0,0x0000,0x0
0x019F380,0x468A90,CAMEYE2.IMG,0x0,0x0468A90,0x0,0x0000,0x0
0x019F380,0x468A90,CAMTMPL2.IMG,0x0,0x0468A90,0x0,0x0000,0x0
0x019F380,0x468A90,CAME12.IMG,0x0,0x0468A90,0x0,0x0000,0x0
0x019F380,0x468A90,CAME22.IMG,0x0,0x0468A90,0x0,0x0000,0x0
0x019F380,0x468A90,CAME42.IMG,0x0,0x0468A90,0x0,0x0000,0x0
0x019F380,0x468A90,CAME32.IMG,0x0,0x0468A90,0x0,0x0000,0x0
0x019F380,0x468A90,CAME52.IMG,0x0,0x0468A90,0x0,0x0000,0x0
0x019F380,0x468A90,CAME62.IMG,0x0,0x0468A90,0x0,0x0000,0x0
0x019F380,0x468A90,CAM_RMBO.IMG,0x0,0x0468A90,0x0,0x0000,0x0
0x019F380,0x468A90,CAMBGGY2.IMG,0x0,0x0468A90,0x0,0x0000,0x0
0x019F380,0x468A90,CAMJEEP2.IMG,0x0,0x0468A90,0x0,0x0000,0x0
0x019F380,0x468A90,CAMARTY2.IMG,0x0,0x0468A90,0x0,0x0000,0x0
0x019F380,0x468A90,CAMBIKE2.IMG,0x0,0x0468A90,0x0,0x0000,0x0
0x019F380,0x468A90,CAMLTNK2.IMG,0x0,0x0468A90,0x0,0x0000,0x0
0x019F380,0x468A90,CAMAPC2.IMG,0x0,0x0468A90,0x0,0x0000,0x0
0x019F380,0x468A90,CAMMLRS2.IMG,0x0,0x0468A90,0x0,0x0000,0x0
0x019F380,0x468A90,CAMMTNK2.IMG,0x0,0x0468A90,0x0,0x0000,0x0
0x019F380,0x468A90,CAMMSAM2.IMG,0x0,0x0468A90,0x0,0x0000,0x0
0x019F380,0x468A90,CAMFTNK2.IMG,0x0,0x0468A90,0x0,0x0000,0x0
0x019F380,0x468A90,CAMSILO2.IMG,0x0,0x0468A90,0x0,0x0000,0x0
0x019F380,0x468A90,CAMSTNK2.IMG,0x0,0x0468A90,0x0,0x0000,0x0
0x019F380,0x468A90,CAMHARV2.IMG,0x0,0x0468A90,0x0,0x0000,0x0
0x019F380,0x468A90,CAMHTNK2.IMG,0x0,0x0468A90,0x0,0x0000,0x0
0x019F380,0x468A90,CAMMCV2.IMG,0x0,0x0468A90,0x0,0x0000,0x0
0x019F380,0x468A90,CAMORCA2.IMG,0x0,0x0468A90,0x0,0x0000,0x0
0x019F380,0x468A90,CAMHELI2.IMG,0x0,0x0468A90,0x0,0x0000,0x0
0x019F380,0x468A90,CAMTRAN2.IMG,0x0,0x0468A90,0x0,0x0000,0x0
0x019F380,0x468A90,CAMBOMB2.IMG,0x0,0x0468A90,0x0,0x0000,0x0
0x019F380,0x468A90,CAMION2.IMG,0x0,0x0468A90,0x0,0x0000,0x0
0x019F380,0x468A90,CAMATOM2.IMG,0x0,0x0468A90,0x0,0x0000,0x0
0x019F380,0x468A90,CAM_SLCT.IMG,0x0,0x0468A90,0x0,0x0000,0x0
0x019F890,0x468A90,GLOGOTP.IMG,0x0,0x0468A90,0x0,0x0000,0x0
0x019F890,0x468A90,GRADARTP.IMG,0x0,0x0468A90,0x0,0x0000,0x0
0x019F890,0x468A90,NLOGOTP.IMG,0x0,0x0468A90,0x0,0x0000,0x0
0x019F890,0x468A90,NRADARTP.IMG,0x0,0x0468A90,0x0,0x0000,0x0
0x019F890,0x468A90,GDI_BOT1.IMG,0x0,0x0468A90,0x0,0x0000,0x0
0x019F890,0x468A90,GDI_BOT2.IMG,0x0,0x0468A90,0x0,0x0000,0x0
0x019F890,0x468A90,GDI_BOT3.IMG,0x0,0x0468A90,0x0,0x0000,0x0
0x019F890,0x468A90,NOD_BOT1.IMG,0x0,0x0468A90,0x0,0x0000,0x0
0x019F890,0x468A90,NOD_BOT2.IMG,0x0,0x0468A90,0x0,0x0000,0x0
0x019F890,0x468A90,NOD_BOT3.IMG,0x0,0x0468A90,0x0,0x0000,0x0
0x0460540,0x468A90,WAVBOX.IMG,0x0,0x0468A90,0x1820,0x2200,0x310
0x0460540,0x468A90,BURD1.WLT,0x310,0x0468DA0,0xC19,0x0000,0xC19
0x0460540,0x468A90,BURD2.WLT,0xF2A,0x04699BA,0xC72,0x0000,0xC72
0x0460540,0x468A90,CARTER1.WLT,0x1B9C,0x046A62C,0x1011,0x0000,0x1011
0x0460540,0x468A90,CARTER2.WLT,0x2BAE,0x046B63E,0x1469,0x0000,0x1469
0x0460540,0x468A90,CARTER3.WLT,0x4018,0x046CAA8,0xCC2,0x0000,0xCC2
0x0460540,0x468A90,KANE1.WLT,0x4CDA,0x046D76A,0xE40,0x0000,0xE40
0x0460540,0x468A90,KANE2.WLT,0x5B1A,0x046E5AA,0xE1C,0x0000,0xE1C
0x0460540,0x468A90,KANE1N.WLT,0x6936,0x046F3C6,0xDE5,0x0000,0xDE5
0x0460540,0x468A90,KANE2N.WLT,0x771C,0x04701AC,0xDDE,0x0000,0xDDE
0x0460540,0x468A90,MORELLI1.WLT,0x84FA,0x0470F8A,0xDCC,0x0000,0xDCC
0x0460540,0x468A90,MORELLI2.WLT,0x92C6,0x0471D56,0x1132,0x0000,0x1132
0x0460540,0x468A90,SETH.WLT,0xA3F8,0x0472E88,0x105E,0x0000,0x105E
0x0460540,0x468A90,SETHN.WLT,0xB456,0x0473EE6,0x108B,0x0000,0x108B
0x0460540,0x468A90,SHEP1.WLT,0xC4E2,0x0474F72,0xFA4,0x0000,0xFA4
0x0460540,0x468A90,SHEP2.WLT,0xD486,0x0475F16,0xFED,0x0000,0xFED
0x0460540,0x468A90,SHEP3.WLT,0xE474,0x0476F04,0xFFA,0x0000,0xFFA
0x0460540,0x468A90,NIKOOMBA.WLT,0xF46E,0x0477EFE,0x39B,0x0000,0x39B
0x0460540,0x468A90,LOGO.WLT,0xF80A,0x047829A,0x156D,0x0000,0x156D
0x0460540,0x468A90,EGYPT01.WLT,0x10D78,0x0479808,0x5E5,0x0000,0x5E5
0x0460540,0x468A90,EGYPT02.WLT,0x1135E,0x0479DEE,0x5FB,0x0000,0x5FB
0x0460540,0x468A90,EGYPT03.WLT,0x1195A,0x047A3EA,0x624,0x0000,0x624
0x0460540,0x468A90,FORCES01.WLT,0x11F7E,0x047AA0E,0x605,0x0000,0x605
0x0460540,0x468A90,FORCES02.WLT,0x12584,0x047B014,0x199E,0x0000,0x199E
0x0460540,0x468A90,FORCES03.WLT,0x13F22,0x047C9B2,0x194D,0x0000,0x194D
0x0460540,0x468A90,TIBE0001.WLT,0x15870,0x047E300,0x648,0x0000,0x648
0x0460540,0x468A90,N03PRI01.WLT,0x15EB8,0x047E948,0x8FC,0x0000,0x8FC
0x0460540,0x468A90,N03PRI02.WLT,0x167B4,0x047F244,0x902,0x0000,0x902
0x0460540,0x468A90,PRISON01.WLT,0x170B6,0x047FB46,0x6E5,0x0000,0x6E5
0x0460540,0x468A90,PRISON02.WLT,0x1779C,0x048022C,0x6FC,0x0000,0x6FC
0x0460540,0x468A90,PRISON03.WLT,0x17E98,0x0480928,0x74A,0x0000,0x74A
0x0460540,0x468A90,PRISON04.WLT,0x185E2,0x0481072,0x769,0x0000,0x769
0x0460540,0x468A90,PRISON05.WLT,0x18D4C,0x04817DC,0x755,0x0000,0x755
0x0460540,0x468A90,ATTACK01.WLT,0x194A2,0x0481F32,0x153E,0x0000,0x153E
0x0460540,0x468A90,ATTACK02.WLT,0x1A9E0,0x0483470,0x1535,0x0000,0x1535
0x0460540,0x468A90,ATTACK03.WLT,0x1BF16,0x04849A6,0x153B,0x0000,0x153B
0x0460540,0x468A90,ATTACK04.WLT,0x1D452,0x0485EE2,0x1540,0x0000,0x1540
0x0460540,0x468A90,ATTACK05.WLT,0x1E992,0x0487422,0x1530,0x0000,0x1530
0x0460540,0x468A90,EVAC01.WLT,0x1FEC2,0x0488952,0x148C,0x0000,0x148C
0x0460540,0x468A90,EVAC02.WLT,0x2134E,0x0489DDE,0x147E,0x0000,0x147E
0x0460540,0x468A90,EVAC03.WLT,0x227CC,0x048B25C,0x147C,0x0000,0x147C
0x0460540,0x468A90,EVAC04.WLT,0x23C48,0x048C6D8,0x146F,0x0000,0x146F
0x0460540,0x468A90,EVAC05.WLT,0x250B8,0x048DB48,0x146E,0x0000,0x146E
0x0460540,0x468A90,EVAC06.WLT,0x26526,0x048EFB6,0x149F,0x0000,0x149F
0x0460540,0x468A90,EVAC07.WLT,0x279C6,0x0490456,0x148F,0x0000,0x148F
0x0460540,0x468A90,REDKANE.WLT,0x28E56,0x04918E6,0x7D0,0x0000,0x7D0
0x0460540,0x468A90,REDKANE2.WLT,0x29626,0x04920B6,0x5F0,0x0000,0x5F0
0x0460540,0x468A90,SHOOT01.WLT,0x29C16,0x04926A6,0x1528,0x0000,0x1528
0x0460540,0x468A90,SHOOT02.WLT,0x2B13E,0x0493BCE,0x1531,0x0000,0x1531
0x0460540,0x468A90,SHOOT03.WLT,0x2C670,0x0495100,0x1517,0x0000,0x1517
0x0460540,0x468A90,SHOOT04.WLT,0x2DB88,0x0496618,0x150B,0x0000,0x150B
0x0460540,0x468A90,SHOOT05.WLT,0x2F094,0x0497B24,0x151E,0x0000,0x151E
0x0460540,0x468A90,SHOOT06.WLT,0x305B2,0x0499042,0x1522,0x0000,0x1522
0x0460540,0x468A90,SHOOT07.WLT,0x31AD4,0x049A564,0x1513,0x0000,0x1513
0x0460540,0x468A90,SHOOT08.WLT,0x32FE8,0x049BA78,0x1519,0x0000,0x1519
0x0460540,0x468A90,SHOOT09.WLT,0x34502,0x049CF92,0x151F,0x0000,0x151F
0x0460540,0x468A90,REINF1.WLT,0x35A22,0x049E4B2,0x1537,0x0000,0x1537
0x0460540,0x468A90,REINF2.WLT,0x36F5A,0x049F9EA,0x1537,0x0000,0x1537
0x0460540,0x468A90,REINF3.WLT,0x38492,0x04A0F22,0x153B,0x0000,0x153B
0x0460540,0x468A90,REINF4.WLT,0x399CE,0x04A245E,0x1544,0x0000,0x1544
0x0460540,0x468A90,REINF5.WLT,0x3AF12,0x04A39A2,0x153E,0x0000,0x153E
0x0460540,0x468A90,REINF6.WLT,0x3C450,0x04A4EE0,0x1537,0x0000,0x1537
0x0460540,0x468A90,REINF7.WLT,0x3D988,0x04A6418,0x1546,0x0000,0x1546
0x0460540,0x468A90,REINF8.WLT,0x3EECE,0x04A795E,0x1545,0x0000,0x1545
0x0460540,0x468A90,TANKBAN1.IMG,0x40414,0x04A8EA4,0x8A78,0x2200,0x4BC7
0x0460540,0x468A90,TANKBAN2.IMG,0x44FDC,0x04ADA6C,0x8A78,0x2200,0x4EDD
0x0460540,0x468A90,N5GRID01.WLT,0x49EBA,0x04B294A,0x59E,0x0000,0x59E
0x0460540,0x468A90,N5GRID02.WLT,0x4A458,0x04B2EE8,0x597,0x0000,0x597
0x0460540,0x468A90,N5GRID03.WLT,0x4A9F0,0x04B3480,0x5CF,0x0000,0x5CF
0x0460540,0x468A90,N5GRID04.WLT,0x4AFC0,0x04B3A50,0x5E4,0x0000,0x5E4
0x0460540,0x468A90,N5GRID05.WLT,0x4B5A4,0x04B4034,0x606,0x0000,0x606
0x0460540,0x468A90,N5GRID06.WLT,0x4BBAA,0x04B463A,0x5F2,0x0000,0x5F2
0x0460540,0x468A90,N5GRID07.WLT,0x4C19C,0x04B4C2C,0x5FF,0x0000,0x5FF
0x0460540,0x468A90,N5GRID08.WLT,0x4C79C,0x04B522C,0x5EB,0x0000,0x5EB
0x0460540,0x468A90,N5GRID09.WLT,0x4CD88,0x04B5818,0x5F0,0x0000,0x5F0
0x0460540,0x468A90,NIGER01.WLT,0x4D378,0x04B5E08,0x1A42,0x0000,0x1A42
0x0460540,0x468A90,NIGER02.WLT,0x4EDBA,0x04B784A,0x1A32,0x0000,0x1A32
0x0460540,0x468A90,NIGER03.WLT,0x507EC,0x04B927C,0x1A81,0x0000,0x1A81
0x0460540,0x468A90,NIGER04.WLT,0x5226E,0x04BACFE,0x1A6C,0x0000,0x1A6C
0x0460540,0x468A90,NIGER05.WLT,0x53CDA,0x04BC76A,0x1A73,0x0000,0x1A73
0x0460540,0x468A90,SETH0601.WLT,0x5574E,0x04BE1DE,0x1571,0x0000,0x1571
0x0460540,0x468A90,DETNTR01.WLT,0x56CC0,0x04BF750,0xC7F,0x0000,0xC7F
0x0460540,0x468A90,DETNTR02.WLT,0x57940,0x04C03D0,0xCD8,0x0000,0xCD8
0x0460540,0x468A90,DETNTR03.WLT,0x58618,0x04C10A8,0xE76,0x0000,0xE76
0x0460540,0x468A90,DETNTR04.WLT,0x5948E,0x04C1F1E,0xDDB,0x0000,0xDDB
0x0460540,0x468A90,DETNTR05.WLT,0x5A26A,0x04C2CFA,0xEAB,0x0000,0xEAB
0x0460540,0x468A90,DETNTR06.WLT,0x5B116,0x04C3BA6,0xDF1,0x0000,0xDF1
0x0460540,0x468A90,DETNTR07.WLT,0x5BF08,0x04C4998,0xD6B,0x0000,0xD6B
0x0460540,0x468A90,DETNTR08.WLT,0x5CC74,0x04C5704,0xE22,0x0000,0xE22
0x0460540,0x468A90,DETNTR09.WLT,0x5DA96,0x04C6526,0xDFB,0x0000,0xDFB
0x0460540,0x468A90,DETNTR10.WLT,0x5E892,0x04C7322,0xE24,0x0000,0xE24
0x0460540,0x468A90,DETNTR11.WLT,0x5F6B6,0x04C8146,0xE76,0x0000,0xE76
0x0460540,0x468A90,DETNTR12.WLT,0x6052C,0x04C8FBC,0xDDB,0x0000,0xDDB
0x0460540,0x468A90,VILL7A01.WLT,0x61308,0x04C9D98,0x5F5,0x0000,0x5F5
0x0460540,0x468A90,VILL7A02.WLT,0x618FE,0x04CA38E,0x19BB,0x0000,0x19BB
0x0460540,0x468A90,VILL7A03.WLT,0x632BA,0x04CBD4A,0x19CC,0x0000,0x19CC
0x0460540,0x468A90,VILL7A04.WLT,0x64C86,0x04CD716,0x19DF,0x0000,0x19DF
0x0460540,0x468A90,VILL7A05.WLT,0x66666,0x04CF0F6,0x19BB,0x0000,0x19BB
0x0460540,0x468A90,VILL7A06.WLT,0x68022,0x04D0AB2,0x19D5,0x0000,0x19D5
0x0460540,0x468A90,VILL7A07.WLT,0x699F8,0x04D2488,0x19AD,0x0000,0x19AD
0x0460540,0x468A90,VILL7A08.WLT,0x6B3A6,0x04D3E36,0x19C8,0x0000,0x19C8
0x0460540,0x468A90,VILL7A09.WLT,0x6CD6E,0x04D57FE,0x19DB,0x0000,0x19DB
0x0460540,0x468A90,VILL7A10.WLT,0x6E74A,0x04D71DA,0x19CF,0x0000,0x19CF
0x0460540,0x468A90,VILL7A11.WLT,0x7011A,0x04D8BAA,0x19D9,0x0000,0x19D9
0x0460540,0x468A90,VILL7A12.WLT,0x71AF4,0x04DA584,0x19CD,0x0000,0x19CD
0x0460540,0x468A90,VILL7A13.WLT,0x734C2,0x04DBF52,0x19BC,0x0000,0x19BC
0x0460540,0x468A90,VILL7A14.WLT,0x74E7E,0x04DD90E,0x19C9,0x0000,0x19C9
0x0460540,0x468A90,SETH7A01.WLT,0x76848,0x04DF2D8,0x1496,0x0000,0x1496
0x0460540,0x468A90,BOYDOCT.IMG,0x77CDE,0x04E076E,0x2A00,0x2200,0x2020
0x0460540,0x468A90,DOCTORS.IMG,0x79CFE,0x04E278E,0x2A00,0x2200,0x282A
0x0460540,0x468A90,SURGERY.IMG,0x7C528,0x04E4FB8,0x2A00,0x2200,0x230F
0x0460540,0x468A90,SURGERY2.IMG,0x7E838,0x04E72C8,0x2A00,0x2200,0x2794
0x0460540,0x468A90,BASE7B01.WLT,0x80FCC,0x04E9A5C,0x60D,0x0000,0x60D
0x0460540,0x468A90,BASE7B02.WLT,0x815DA,0x04EA06A,0x1B1A,0x0000,0x1B1A
0x0460540,0x468A90,BASE7B03.WLT,0x830F4,0x04EBB84,0x1AF4,0x0000,0x1AF4
0x0460540,0x468A90,VILL7B01.WLT,0x84BE8,0x04ED678,0x605,0x0000,0x605
0x0460540,0x468A90,SETH7B01.WLT,0x851EE,0x04EDC7E,0x144B,0x0000,0x144B
0x0460540,0x468A90,PENTAGN1.WLT,0x8663A,0x04EF0CA,0x1A76,0x0000,0x1A76
0x0460540,0x468A90,PENTAGN2.WLT,0x880B0,0x04F0B40,0x1CF7,0x0000,0x1CF7
0x0460540,0x468A90,USMAP001.WLT,0x89DA8,0x04F2838,0x13E8,0x0000,0x13E8
0x0460540,0x468A90,USMAP002.WLT,0x8B190,0x04F3C20,0x1425,0x0000,0x1425
0x0460540,0x468A90,USMAP003.WLT,0x8C5B6,0x04F5046,0x1432,0x0000,0x1432
0x0460540,0x468A90,USMAP004.WLT,0x8D9E8,0x04F6478,0x1430,0x0000,0x1430
0x0460540,0x468A90,USMAP005.WLT,0x8EE18,0x04F78A8,0x13E0,0x0000,0x13E0
0x0460540,0x468A90,USMAP006.WLT,0x901F8,0x04F8C88,0x140E,0x0000,0x140E
0x0460540,0x468A90,USMAP007.WLT,0x91606,0x04FA096,0x1410,0x0000,0x1410
0x0460540,0x468A90,USMAP008.WLT,0x92A16,0x04FB4A6,0x1409,0x0000,0x1409
0x0460540,0x468A90,USMAP009.WLT,0x93E20,0x04FC8B0,0x13EB,0x0000,0x13EB
0x0460540,0x468A90,USMAP010.WLT,0x9520C,0x04FDC9C,0x13EF,0x0000,0x13EF
0x0460540,0x468A90,USMAP011.WLT,0x965FC,0x04FF08C,0x1434,0x0000,0x1434
0x0460540,0x468A90,ABANDON.WLT,0x97A30,0x05004C0,0x669,0x0000,0x669
0x0460540,0x468A90,KANE0801.WLT,0x9809A,0x0500B2A,0x1599,0x0000,0x1599
0x0460540,0x468A90,KANE0901.WLT,0x99634,0x05020C4,0x1116,0x0000,0x1116
0x0460540,0x468A90,FLAME000.WLT,0x9A74A,0x05031DA,0x6C0,0x0000,0x6C0
0x0460540,0x468A90,FLAME01.WLT,0x9AE0A,0x050389A,0x6C4,0x0000,0x6C4
0x0460540,0x468A90,FLAME02.WLT,0x9B4CE,0x0503F5E,0x6CF,0x0000,0x6CF
0x0460540,0x468A90,FLAME03.WLT,0x9BB9E,0x050462E,0x6C4,0x0000,0x6C4
0x0460540,0x468A90,FLAME04.WLT,0x9C262,0x0504CF2,0x6DA,0x0000,0x6DA
0x0460540,0x468A90,FLAME05.WLT,0x9C93C,0x05053CC,0x6C0,0x0000,0x6C0
0x0460540,0x468A90,FLAME06.WLT,0x9CFFC,0x0505A8C,0x6C0,0x0000,0x6C0
0x0460540,0x468A90,FLAME07.WLT,0x9D6BC,0x050614C,0x6C2,0x0000,0x6C2
0x0460540,0x468A90,FLAME08.WLT,0x9DD7E,0x050680E,0x6DB,0x0000,0x6DB
0x0460540,0x468A90,FLAME09.WLT,0x9E45A,0x0506EEA,0x6D5,0x0000,0x6D5
0x0460540,0x468A90,FLAME10.WLT,0x9EB30,0x05075C0,0x6D7,0x0000,0x6D7
0x0460540,0x468A90,FLAME11.WLT,0x9F208,0x0507C98,0x6D4,0x0000,0x6D4
0x0460540,0x468A90,FLAME12.WLT,0x9F8DC,0x050836C,0x6D7,0x0000,0x6D7
0x0460540,0x468A90,FLAME13.WLT,0x9FFB4,0x0508A44,0x6C3,0x0000,0x6C3
0x0460540,0x468A90,FLAME14.WLT,0xA0678,0x0509108,0x6DD,0x0000,0x6DD
0x0460540,0x468A90,FLAME15.WLT,0xA0D56,0x05097E6,0x6DC,0x0000,0x6DC
0x0460540,0x468A90,FLAME16.WLT,0xA1432,0x0509EC2,0x6DA,0x0000,0x6DA
0x0460540,0x468A90,FLAME17.WLT,0xA1B0C,0x050A59C,0x6DF,0x0000,0x6DF
0x0460540,0x468A90,FLAME18.WLT,0xA21EC,0x050AC7C,0x6E0,0x0000,0x6E0
0x0460540,0x468A90,FLAME19.WLT,0xA28CC,0x050B35C,0x6D9,0x0000,0x6D9
0x0460540,0x468A90,FLAME20.WLT,0xA2FA6,0x050BA36,0x6C8,0x0000,0x6C8
0x0460540,0x468A90,FLAME21.WLT,0xA366E,0x050C0FE,0x6D1,0x0000,0x6D1
0x0460540,0x468A90,KANE10A.WLT,0xA3D40,0x050C7D0,0x1250,0x0000,0x1250
0x0460540,0x468A90,CHAN10A.WLT,0xA4F90,0x050DA20,0x5F8,0x0000,0x5F8
0x0460540,0x468A90,REGION.WLT,0xA5588,0x050E018,0x641,0x0000,0x641
0x0460540,0x468A90,KANE10B.WLT,0xA5BCA,0x050E65A,0x11ED,0x0000,0x11ED
0x0460540,0x468A90,WEAP10B.WLT,0xA6DB8,0x050F848,0x750,0x0000,0x750
0x0460540,0x468A90,KANE1100.WLT,0xA7508,0x050FF98,0x1539,0x0000,0x1539
0x0460540,0x468A90,KANE1201.WLT,0xA8A42,0x05114D2,0x14F0,0x0000,0x14F0
0x0460540,0x468A90,ADVCOM12.WLT,0xA9F32,0x05129C2,0x7A6,0x0000,0x7A6
0x0460540,0x468A90,KANE1301.WLT,0xAA6D8,0x0513168,0x1578,0x0000,0x1578
0x0460540,0x468A90,KANE1302.WLT,0xABC50,0x05146E0,0x13B0,0x0000,0x13B0
0x0460540,0x468A90,KANE1303.WLT,0xAD000,0x0515A90,0x14D9,0x0000,0x14D9
0x0460540,0x468A90,KANE1304.WLT,0xAE4DA,0x0516F6A,0x143D,0x0000,0x143D
0x0460540,0x468A90,LOOP1-1.WLT,0xAF918,0x05183A8,0x4BD,0x0000,0x4BD
0x0460540,0x468A90,LOOP1-2.WLT,0xAFDD6,0x0518866,0x4C9,0x0000,0x4C9
0x0460540,0x468A90,LOOP1-3.WLT,0xB02A0,0x0518D30,0x4D3,0x0000,0x4D3
0x0460540,0x468A90,LOOP1-4.WLT,0xB0774,0x0519204,0x4D0,0x0000,0x4D0
0x0460540,0x468A90,LOOP1-5.WLT,0xB0C44,0x05196D4,0x4B6,0x0000,0x4B6
0x0460540,0x468A90,LOOP1-6.WLT,0xB10FA,0x0519B8A,0x4C0,0x0000,0x4C0
0x0460540,0x468A90,LOOP1-7.WLT,0xB15BA,0x051A04A,0x4CD,0x0000,0x4CD
0x0460540,0x468A90,LOOP1-8.WLT,0xB1A88,0x051A518,0x4CC,0x0000,0x4CC
0x0460540,0x468A90,GDI20116.WLT,0xB1F54,0x051A9E4,0x401,0x0000,0x401
0x0460540,0x468A90,LOOP1001.WLT,0xB2356,0x051ADE6,0x524,0x0000,0x524
0x0460540,0x468A90,LOOP1005.WLT,0xB287A,0x051B30A,0x52A,0x0000,0x52A
0x0460540,0x468A90,LOOP2010.WLT,0xB2DA4,0x051B834,0x646,0x0000,0x646
0x0460540,0x468A90,MOR10210.WLT,0xB33EA,0x051BE7A,0x519,0x0000,0x519
0x0460540,0x468A90,MOR20240.WLT,0xB3904,0x051C394,0x419,0x0000,0x419
0x0460540,0x468A90,MOEBIUS.WLT,0xB3D1E,0x051C7AE,0x5DA,0x0000,0x5DA
0x0460540,0x468A90,BASE801.WLT,0xB42F8,0x051CD88,0x7E1,0x0000,0x7E1
0x0460540,0x468A90,BASE802.WLT,0xB4ADA,0x051D56A,0x75B,0x0000,0x75B
0x0460540,0x468A90,BASE803.WLT,0xB5236,0x051DCC6,0x75E,0x0000,0x75E
0x0460540,0x468A90,BASE804.WLT,0xB5994,0x051E424,0x87D,0x0000,0x87D
0x0460540,0x468A90,BASE805.WLT,0xB6212,0x051ECA2,0x7D2,0x0000,0x7D2
0x0460540,0x468A90,BASE806.WLT,0xB69E4,0x051F474,0x765,0x0000,0x765
0x0460540,0x468A90,BASE807.WLT,0xB714A,0x051FBDA,0x687,0x0000,0x687
0x0460540,0x468A90,BASE808.WLT,0xB77D2,0x0520262,0x613,0x0000,0x613
0x0460540,0x468A90,BASE809.WLT,0xB7DE6,0x0520876,0x602,0x0000,0x602
0x0460540,0x468A90,BASE810.WLT,0xB83E8,0x0520E78,0x60D,0x0000,0x60D
0x0460540,0x468A90,BASE811.WLT,0xB89F6,0x0521486,0x5FE,0x0000,0x5FE
0x0460540,0x468A90,BASE812.WLT,0xB8FF4,0x0521A84,0x60F,0x0000,0x60F
0x0460540,0x468A90,BASE813.WLT,0xB9604,0x0522094,0x60F,0x0000,0x60F
0x0460540,0x468A90,BASE814.WLT,0xB9C14,0x05226A4,0x612,0x0000,0x612
0x0460540,0x468A90,BASE815.WLT,0xBA226,0x0522CB6,0x60B,0x0000,0x60B
0x0460540,0x468A90,BASE816.WLT,0xBA832,0x05232C2,0x60B,0x0000,0x60B
0x0460540,0x468A90,BASE817.WLT,0xBAE3E,0x05238CE,0x611,0x0000,0x611
0x0460540,0x468A90,BASE818.WLT,0xBB450,0x0523EE0,0x616,0x0000,0x616
0x0460540,0x468A90,BASE819.WLT,0xBBA66,0x05244F6,0x60D,0x0000,0x60D
0x0460540,0x468A90,BASE820.WLT,0xBC074,0x0524B04,0x611,0x0000,0x611
0x0460540,0x468A90,BASE821.WLT,0xBC686,0x0525116,0x60D,0x0000,0x60D
0x0460540,0x468A90,BASE822.WLT,0xBCC94,0x0525724,0x611,0x0000,0x611
0x0460540,0x468A90,BASE823.WLT,0xBD2A6,0x0525D36,0x608,0x0000,0x608
0x0460540,0x468A90,BASE824.WLT,0xBD8AE,0x052633E,0x60E,0x0000,0x60E
0x0460540,0x468A90,BASE825.WLT,0xBDEBC,0x052694C,0x60A,0x0000,0x60A
0x0460540,0x468A90,HUMMER01.WLT,0xBE4C6,0x0526F56,0x519,0x0000,0x519
0x0460540,0x468A90,HUMMER02.WLT,0xBE9E0,0x0527470,0x511,0x0000,0x511
0x0460540,0x468A90,HUMMER03.WLT,0xBEEF2,0x0527982,0x519,0x0000,0x519
0x0460540,0x468A90,HUMMER04.WLT,0xBF40C,0x0527E9C,0x52B,0x0000,0x52B
0x0460540,0x468A90,SALZBRG1.IMG,0xBF938,0x05283C8,0x21D0,0x2200,0x6C4
0x0460540,0x468A90,SALZBRG2.IMG,0xBFFFC,0x0528A8C,0x21D0,0x2200,0x701
0x0460540,0x468A90,SALZBRG3.IMG,0xC06FE,0x052918E,0x21D0,0x2200,0x6C8
0x0460540,0x468A90,STRUCT01.WLT,0xC0DC6,0x0529856,0x4F8,0x0000,0x4F8
0x0460540,0x468A90,STRUCT02.WLT,0xC12BE,0x0529D4E,0x501,0x0000,0x501
0x0460540,0x468A90,STRUCT03.WLT,0xC17C0,0x052A250,0x50C,0x0000,0x50C
0x0460540,0x468A90,STRUCT04.WLT,0xC1CCC,0x052A75C,0x55C,0x0000,0x55C
0x0460540,0x468A90,TANKS01.WLT,0xC2228,0x052ACB8,0x4FA,0x0000,0x4FA
0x0460540,0x468A90,TANKS02.WLT,0xC2722,0x052B1B2,0x4D1,0x0000,0x4D1
0x0460540,0x468A90,TANKS03.WLT,0xC2BF4,0x052B684,0x4DB,0x0000,0x4DB
0x0460540,0x468A90,TANKS04.WLT,0xC30D0,0x052BB60,0x4EB,0x0000,0x4EB
0x0460540,0x468A90,WRENCH01.WLT,0xC35BC,0x052C04C,0x680,0x0000,0x680
0x0460540,0x468A90,WRENCH02.WLT,0xC3C3C,0x052C6CC,0x6AC,0x0000,0x6AC
0x0460540,0x468A90,WRENCH03.WLT,0xC42E8,0x052CD78,0x5E6,0x0000,0x5E6
0x0460540,0x468A90,WRENCH04.WLT,0xC48CE,0x052D35E,0x499,0x0000,0x499
0x0460540,0x468A90,WRENCH05.WLT,0xC4D68,0x052D7F8,0x3D2,0x0000,0x3D2
0x0460540,0x468A90,WRENCH06.WLT,0xC513A,0x052DBCA,0x55B,0x0000,0x55B
0x0460540,0x468A90,WRENCH07.WLT,0xC5696,0x052E126,0x6BF,0x0000,0x6BF
0x0460540,0x468A90,WRENCH08.WLT,0xC5D56,0x052E7E6,0x6B8,0x0000,0x6B8
0x0460540,0x468A90,WRENCH09.WLT,0xC640E,0x052EE9E,0x67D,0x0000,0x67D
0x0460540,0x468A90,WRENCH10.WLT,0xC6A8C,0x052F51C,0x634,0x0000,0x634
0x0460540,0x468A90,WRENCH11.WLT,0xC70C0,0x052FB50,0x555,0x0000,0x555
0x0460540,0x468A90,WRENCH12.WLT,0xC7616,0x05300A6,0x3CD,0x0000,0x3CD
0x0460540,0x468A90,WRENCH13.WLT,0xC79E4,0x0530474,0x386,0x0000,0x386
0x0460540,0x468A90,WRENCH14.WLT,0xC7D6A,0x05307FA,0x539,0x0000,0x539
0x0460540,0x468A90,WRENCH15.WLT,0xC82A4,0x0530D34,0x671,0x0000,0x671
0x0460540,0x468A90,WRENCH16.WLT,0xC8916,0x05313A6,0x6AB,0x0000,0x6AB
0x0460540,0x468A90,HOSPITAL.WLT,0xC8FC2,0x0531A52,0x638,0x0000,0x638
0x0460540,0x468A90,MOEBIUS8.WLT,0xC95FA,0x053208A,0x5DA,0x0000,0x5DA
0x0460540,0x468A90,TOWN801.WLT,0xC9BD4,0x0532664,0x4F6,0x0000,0x4F6
0x0460540,0x468A90,TOWN802.WLT,0xCA0CA,0x0532B5A,0x506,0x0000,0x506
0x0460540,0x468A90,TOWN803.WLT,0xCA5D0,0x0533060,0x4F7,0x0000,0x4F7
0x0460540,0x468A90,BRATS01.IMG,0xCAAC8,0x0533558,0x21D0,0x2200,0x867
0x0460540,0x468A90,BRATS02.IMG,0xCB330,0x0533DC0,0x21D0,0x2200,0x870
0x0460540,0x468A90,BRATS03.IMG,0xCBBA0,0x0534630,0x21D0,0x2200,0x84C
0x0460540,0x468A90,POISON01.IMG,0xCC3EC,0x0534E7C,0x21D0,0x2200,0x560
0x0460540,0x468A90,POISON02.IMG,0xCC94C,0x05353DC,0x21D0,0x2200,0x57E
0x0460540,0x468A90,POISON03.IMG,0xCCECA,0x053595A,0x21D0,0x2200,0x575
0x0460540,0x468A90,POISON04.IMG,0xCD440,0x0535ED0,0x21D0,0x2200,0x589
0x0460540,0x468A90,POISON05.IMG,0xCD9CA,0x053645A,0x21D0,0x2200,0x589
0x0460540,0x468A90,POISON06.IMG,0xCDF54,0x05369E4,0x21D0,0x2200,0x584
0x0460540,0x468A90,POISON07.IMG,0xCE4D8,0x0536F68,0x21D0,0x2200,0x573
0x0460540,0x468A90,POISON08.IMG,0xCEA4C,0x05374DC,0x21D0,0x2200,0x586
0x0460540,0x468A90,POISON09.IMG,0xCEFD2,0x0537A62,0x21D0,0x2200,0x581
0x0460540,0x468A90,POISON10.IMG,0xCF554,0x0537FE4,0x21D0,0x2200,0x588
0x0460540,0x468A90,POISON11.IMG,0xCFADC,0x053856C,0x21D0,0x2200,0x574
0x0460540,0x468A90,POISON12.IMG,0xD0050,0x0538AE0,0x21D0,0x2200,0x594
0x0460540,0x468A90,POISON13.IMG,0xD05E4,0x0539074,0x21D0,0x2200,0x57A
0x0460540,0x468A90,POISON14.IMG,0xD0B5E,0x05395EE,0x21D0,0x2200,0x576
0x0460540,0x468A90,POISON15.IMG,0xD10D4,0x0539B64,0x21D0,0x2200,0x57D
0x0460540,0x468A90,POISON16.IMG,0xD1652,0x053A0E2,0x21D0,0x2200,0x564
0x0460540,0x468A90,POISON17.IMG,0xD1BB6,0x053A646,0x21D0,0x2200,0x570
0x0460540,0x468A90,POISON18.IMG,0xD2126,0x053ABB6,0x21D0,0x2200,0x56C
0x0460540,0x468A90,POISON19.IMG,0xD2692,0x053B122,0x21D0,0x2200,0x568
0x0460540,0x468A90,POISON20.IMG,0xD2BFA,0x053B68A,0x21D0,0x2200,0x56A
0x0460540,0x468A90,POISON21.IMG,0xD3164,0x053BBF4,0x21D0,0x2200,0x568
0x0460540,0x468A90,POISON22.IMG,0xD36CC,0x053C15C,0x21D0,0x2200,0x56C
0x0460540,0x468A90,POISON23.IMG,0xD3C38,0x053C6C8,0x21D0,0x2200,0x570
0x0460540,0x468A90,POISON24.IMG,0xD41A8,0x053CC38,0x21D0,0x2200,0x567
0x0460540,0x468A90,CTR40398.WLT,0xD4710,0x053D1A0,0x382,0x0000,0x382
0x0460540,0x468A90,FINL0397.WLT,0xD4A92,0x053D522,0x71B,0x0000,0x71B
0x0460540,0x468A90,FINL0430.WLT,0xD51AE,0x053DC3E,0x706,0x0000,0x706
0x0460540,0x468A90,FINL0449.WLT,0xD58B4,0x053E344,0x6ED,0x0000,0x6ED
0x0460540,0x468A90,G15A.WLT,0xD5FA2,0x053EA32,0x69F,0x0000,0x69F
0x0460540,0x468A90,COLORMAP.IMG,0xD6642,0x053F0D2,0x8A78,0x2200,0x4A43
0x0460540,0x468A90,GDIMAP.IMG,0xDB086,0x0543B16,0x8A78,0x2200,0x4BDA
0x0460540,0x468A90,HARVESTR.IMG,0xDFC60,0x05486F0,0x8A78,0x2200,0x6128
0x0460540,0x468A90,KANEGREY.IMG,0xE5D88,0x054E818,0x8A78,0x2200,0x1AA6
0x0460540,0x468A90,NODMAP.IMG,0xE782E,0x05502BE,0x8A78,0x2200,0x4AB2
0x0460540,0x468A90,RAWMAP.IMG,0xEC2E0,0x0554D70,0x8A78,0x2200,0x3B44
0x0460540,0x468A90,TIBERIU1.IMG,0xEFE24,0x05588B4,0x8A78,0x2200,0x2503
0x0460540,0x468A90,TIBERIU2.IMG,0xF2328,0x055ADB8,0x8A78,0x2200,0x3F91
0x0460540,0x468A90,TIBERIU3.IMG,0xF62BA,0x055ED4A,0x8A78,0x2200,0x46A8
0x0460540,0x468A90,TIBERIU4.IMG,0xFA962,0x05633F2,0x8A78,0x2200,0x464C
0x0460540,0x468A90,TIBERIU5.IMG,0xFEFAE,0x0567A3E,0x8A78,0x2200,0x4660
0x0460540,0x468A90,TIBERIU6.IMG,0x10360E,0x056C09E,0x8A78,0x2200,0x4545
0x0460540,0x468A90,A10.WLT,0x107B54,0x05705E4,0x52B,0x0000,0x52B
0x0460540,0x468A90,LAND01.WLT,0x108080,0x0570B10,0x554,0x0000,0x554
0x0460540,0x468A90,LAND02.WLT,0x1085D4,0x0571064,0x54E,0x0000,0x54E
0x0460540,0x468A90,LAND03.WLT,0x108B22,0x05715B2,0x58D,0x0000,0x58D
0x0460540,0x468A90,LAND04.WLT,0x1090B0,0x0571B40,0x592,0x0000,0x592
0x0460540,0x468A90,LAND05.WLT,0x109642,0x05720D2,0x5C4,0x0000,0x5C4
0x0460540,0x468A90,LAND06.WLT,0x109C06,0x0572696,0x5F6,0x0000,0x5F6
0x0460540,0x468A90,LAND07.WLT,0x10A1FC,0x0572C8C,0x612,0x0000,0x612
0x0460540,0x468A90,LAND08.WLT,0x10A80E,0x057329E,0x61F,0x0000,0x61F
0x0460540,0x468A90,LAND09.WLT,0x10AE2E,0x05738BE,0x632,0x0000,0x632
0x0460540,0x468A90,SCG4EB1.WLT,0x10B460,0x0573EF0,0x55D,0x0000,0x55D
0x0460540,0x468A90,SCG4EB2.WLT,0x10B9BE,0x057444E,0x570,0x0000,0x570
0x0460540,0x468A90,SCG4EB3.WLT,0x10BF2E,0x05749BE,0x595,0x0000,0x595
0x0460540,0x468A90,SCG4EB4.WLT,0x10C4C4,0x0574F54,0x5B1,0x0000,0x5B1
0x0460540,0x468A90,SCG4EB5.WLT,0x10CA76,0x0575506,0x5F2,0x0000,0x5F2
0x0460540,0x468A90,SCG4EB6.WLT,0x10D068,0x0575AF8,0x609,0x0000,0x609
0x0460540,0x468A90,SCG4EB7.WLT,0x10D672,0x0576102,0x60A,0x0000,0x60A
0x0460540,0x468A90,SCG4EB8.WLT,0x10DC7C,0x057670C,0x601,0x0000,0x601
0x0460540,0x468A90,SCG4EB9.WLT,0x10E27E,0x0576D0E,0x5EA,0x0000,0x5EA
0x0460540,0x468A90,RAD.WLT,0x10E868,0x05772F8,0x502,0x0000,0x502
0x0460540,0x468A90,BYALIBUR.IMG,0x10ED6A,0x05777FA,0x8A78,0x2200,0x69FE
0x0460540,0x468A90,GREEN01.IMG,0x115768,0x057E1F8,0x8A78,0x2200,0x581E
0x0460540,0x468A90,GREEN02.IMG,0x11AF86,0x0583A16,0x8A78,0x2200,0x5BCF
0x0460540,0x468A90,GREEN03.IMG,0x120B56,0x05895E6,0x8A78,0x2200,0x58B3
0x0460540,0x468A90,GREEN04.IMG,0x12640A,0x058EE9A,0x8A78,0x2200,0x5D62
0x0460540,0x468A90,PODIUM.IMG,0x12C16C,0x0594BFC,0x8A78,0x2200,0x5004
0x0460540,0x468A90,GDI0501.IMG,0x131170,0x0599C00,0x21D0,0x2200,0x66E
0x0460540,0x468A90,GDI0502.IMG,0x1317DE,0x059A26E,0x21D0,0x2200,0x714
0x0460540,0x468A90,GDI0503.IMG,0x131EF2,0x059A982,0x21D0,0x2200,0x721
0x0460540,0x468A90,GDI0504.IMG,0x132614,0x059B0A4,0x21D0,0x2200,0x641
0x0460540,0x468A90,GDI0505.IMG,0x132C56,0x059B6E6,0x21D0,0x2200,0x769
0x0460540,0x468A90,GDI0506.IMG,0x1333C0,0x059BE50,0x21D0,0x2200,0x72A
0x0460540,0x468A90,GDI0507.IMG,0x133AEA,0x059C57A,0x21D0,0x2200,0x6D8
0x0460540,0x468A90,GDI0508.IMG,0x1341C2,0x059CC52,0x21D0,0x2200,0x7AC
0x0460540,0x468A90,GDI0509.IMG,0x13496E,0x059D3FE,0x21D0,0x2200,0x725
0x0460540,0x468A90,GDI0510.IMG,0x135094,0x059DB24,0x21D0,0x2200,0x620
0x0460540,0x468A90,GDI0511.IMG,0x1356B4,0x059E144,0x21D0,0x2200,0x818
0x0460540,0x468A90,GDI0512.IMG,0x135ECC,0x059E95C,0x21D0,0x2200,0x634
0x0460540,0x468A90,GDI0513.IMG,0x136500,0x059EF90,0x21D0,0x2200,0x603
0x0460540,0x468A90,GDI0514.IMG,0x136B04,0x059F594,0x21D0,0x2200,0x704
0x0460540,0x468A90,GDI0515.IMG,0x137208,0x059FC98,0x21D0,0x2200,0x704
0x0460540,0x468A90,NEVADA.IMG,0x13790C,0x05A039C,0x21D0,0x2200,0x5E9
0x0460540,0x468A90,LINE01.IMG,0x137EF6,0x05A0986,0x210,0x1100,0x6F
0x0460540,0x468A90,LINE02.IMG,0x137F66,0x05A09F6,0x210,0x2200,0x85
0x0460540,0x468A90,LINE03.IMG,0x137FEC,0x05A0A7C,0x210,0x1100,0x65
0x0460540,0x468A90,LINE04.IMG,0x138052,0x05A0AE2,0x210,0x2200,0x89
0x0460540,0x468A90,ASTERIX.IMG,0x1380DC,0x05A0B6C,0x210,0x2200,0xB2
0x0460540,0x468A90,G06RAND.WLT,0x13818E,0x05A0C1E,0x609,0x0000,0x609
0x0460540,0x468A90,G06TOWN.WLT,0x138798,0x05A1228,0x54B,0x0000,0x54B
0x0460540,0x468A90,G07RAND.WLT,0x138CE4,0x05A1774,0x6D4,0x0000,0x6D4
0x0460540,0x468A90,G07TOWN.WLT,0x1393B8,0x05A1E48,0x617,0x0000,0x617
0x0460540,0x468A90,GDI08DMG.WLT,0x1399D0,0x05A2460,0x711,0x0000,0x711
0x0460540,0x468A90,MOEBIUS.WLT,0x13A0E2,0x05A2B72,0x5DA,0x0000,0x5DA
0x0460540,0x468A90,GDILOGO.IMG,0x13A6BC,0x05A314C,0x8A78,0x2200,0x24EB
0x0460540,0x468A90,COMET00.IMG,0x13CBA8,0x05A5638,0x8A78,0x2200,0x41D5
0x0460540,0x468A90,COMET01.IMG,0x140D7E,0x05A980E,0x8A78,0x2200,0x5573
0x0460540,0x468A90,COMET02.IMG,0x1462F2,0x05AED82,0x8A78,0x2200,0x4BB2
0x0460540,0x468A90,COMET03.IMG,0x14AEA4,0x05B3934,0x8A78,0x2200,0x5039
0x0460540,0x468A90,COMET04.IMG,0x14FEDE,0x05B896E,0x8A78,0x2200,0x58E0
0x0460540,0x468A90,INTRVIEW.IMG,0x1557BE,0x05BE24E,0x8A78,0x2200,0x4EB9
0x0460540,0x468A90,INTSMALL.IMG,0x15A678,0x05C3108,0x2A00,0x2200,0x1CB6
0x0460540,0x468A90,MOBSMALL.IMG,0x15C32E,0x05C4DBE,0x2A00,0x2200,0x1CDD
0x0460540,0x468A90,TIBEMAP1.IMG,0x15E00C,0x05C6A9C,0x8A78,0x2200,0x4C33
0x0460540,0x468A90,TIBEMAP2.IMG,0x162C40,0x05CB6D0,0x8A78,0x2200,0x4CC7
0x0460540,0x468A90,TIBEMAP3.IMG,0x167908,0x05D0398,0x8A78,0x2200,0x4F01
0x0460540,0x468A90,TIBETREE.IMG,0x16C80A,0x05D529A,0x8A78,0x2200,0x7168
0x0460540,0x468A90,MRLLIG10.WLT,0x173972,0x05DC402,0x4ED,0x0000,0x4ED
0x0460540,0x468A90,BEACH01.WLT,0x173E60,0x05DC8F0,0x5D7,0x0000,0x5D7
0x0460540,0x468A90,BEACH02.WLT,0x174438,0x05DCEC8,0x5E8,0x0000,0x5E8
0x0460540,0x468A90,BEACH03.WLT,0x174A20,0x05DD4B0,0x60D,0x0000,0x60D
0x0460540,0x468A90,BEACH04.WLT,0x17502E,0x05DDABE,0x602,0x0000,0x602
0x0460540,0x468A90,BEACH05.WLT,0x175630,0x05DE0C0,0x616,0x0000,0x616
0x0460540,0x468A90,BEACH06.WLT,0x175C46,0x05DE6D6,0x60E,0x0000,0x60E
0x0460540,0x468A90,BEACH07.WLT,0x176254,0x05DECE4,0x61B,0x0000,0x61B
0x0460540,0x468A90,BEACH08.WLT,0x176870,0x05DF300,0x608,0x0000,0x608
0x0460540,0x468A90,BEACH09.WLT,0x176E78,0x05DF908,0x606,0x0000,0x606
0x0460540,0x468A90,BEACH10.WLT,0x17747E,0x05DFF0E,0x5F1,0x0000,0x5F1
0x0460540,0x468A90,BEACH11.WLT,0x177A70,0x05E0500,0x600,0x0000,0x600
0x0460540,0x468A90,BEACH12.WLT,0x178070,0x05E0B00,0x5D7,0x0000,0x5D7
0x0460540,0x468A90,DELPHG11.WLT,0x178648,0x05E10D8,0x6F8,0x0000,0x6F8
0x0460540,0x468A90,TIBERG11.WLT,0x178D40,0x05E17D0,0x70F,0x0000,0x70F
0x0460540,0x468A90,MEDI01.IMG,0x179450,0x05E1EE0,0x8A78,0x2200,0x772C
0x0460540,0x468A90,MEDI02.IMG,0x180B7C,0x05E960C,0x8A78,0x2200,0x5D61
0x0460540,0x468A90,MEDI03.IMG,0x1868DE,0x05EF36E,0x8A78,0x2200,0x5D4A
0x0460540,0x468A90,MEDI04.IMG,0x18C628,0x05F50B8,0x8A78,0x2200,0x5387
0x0460540,0x468A90,MEDI05.IMG,0x1919B0,0x05FA440,0x8A78,0x2200,0x4D5E
0x0460540,0x468A90,MICROMOB.IMG,0x19670E,0x05FF19E,0x8A78,0x2200,0x327B
0x0460540,0x468A90,TIBPOOT1.IMG,0x19998A,0x060241A,0x8A78,0x2200,0x5CB0
0x0460540,0x468A90,TIBPOOT2.IMG,0x19F63A,0x06080CA,0x8A78,0x2200,0x5BFC
0x0460540,0x468A90,TIBPOOT3.IMG,0x1A5236,0x060DCC6,0x8A78,0x2200,0x60E5
0x0460540,0x468A90,TIBPOOT4.IMG,0x1AB31C,0x0613DAC,0x8A78,0x2200,0x609F
0x0460540,0x468A90,MOBINEW.WLT,0x1B13BC,0x0619E4C,0x746,0x0000,0x746
0x0460540,0x468A90,ION01.WLT,0x1B1B02,0x061A592,0x666,0x0000,0x666
0x0460540,0x468A90,ION02.WLT,0x1B2168,0x061ABF8,0x669,0x0000,0x669
0x0460540,0x468A90,ION03.WLT,0x1B27D2,0x061B262,0x651,0x0000,0x651
0x0460540,0x468A90,ION04.WLT,0x1B2E24,0x061B8B4,0x652,0x0000,0x652
0x0460540,0x468A90,ION05.WLT,0x1B3476,0x061BF06,0x64E,0x0000,0x64E
0x0460540,0x468A90,ION06.WLT,0x1B3AC4,0x061C554,0x657,0x0000,0x657
0x0460540,0x468A90,ION07.WLT,0x1B411C,0x061CBAC,0x63D,0x0000,0x63D
0x0460540,0x468A90,ION08.WLT,0x1B475A,0x061D1EA,0x63E,0x0000,0x63E
0x0460540,0x468A90,ION09.WLT,0x1B4D98,0x061D828,0x61A,0x0000,0x61A
0x0460540,0x468A90,ION10.WLT,0x1B53B2,0x061DE42,0x61B,0x0000,0x61B
0x0460540,0x468A90,ION11.WLT,0x1B59CE,0x061E45E,0x638,0x0000,0x638
0x0460540,0x468A90,ION12.WLT,0x1B6006,0x061EA96,0x6AB,0x0000,0x6AB
0x0460540,0x468A90,ION13.WLT,0x1B66B2,0x061F142,0x6A3,0x0000,0x6A3
0x0460540,0x468A90,ION14.WLT,0x1B6D56,0x061F7E6,0x690,0x0000,0x690
0x0460540,0x468A90,ION15.WLT,0x1B73E6,0x061FE76,0x695,0x0000,0x695
0x0460540,0x468A90,KANEG13.WLT,0x1B7A7C,0x062050C,0x796,0x0000,0x796
0x0460540,0x468A90,RAVINE01.WLT,0x1B8212,0x0620CA2,0x72F,0x0000,0x72F
0x0460540,0x468A90,RAVINE02.WLT,0x1B8942,0x06213D2,0x641,0x0000,0x641
0x0460540,0x468A90,RAVINE03.WLT,0x1B8F84,0x0621A14,0x61B,0x0000,0x61B
0x0460540,0x468A90,RAVINE04.WLT,0x1B95A0,0x0622030,0x5DB,0x0000,0x5DB
0x0460540,0x468A90,RAVINE05.WLT,0x1B9B7C,0x062260C,0x610,0x0000,0x610
0x0460540,0x468A90,RAVINE06.WLT,0x1BA18C,0x0622C1C,0x619,0x0000,0x619
0x0460540,0x468A90,UNITS14.WLT,0x1BA7A6,0x0623236,0x676,0x0000,0x676
0x0460540,0x468A90,SPY01.WLT,0x1BAE1C,0x06238AC,0x1591,0x0000,0x1591
0x0460540,0x468A90,SPY02.WLT,0x1BC3AE,0x0624E3E,0x1609,0x0000,0x1609
0x0460540,0x468A90,SPY03.WLT,0x1BD9B8,0x0626448,0x16FE,0x0000,0x16FE
0x0460540,0x468A90,SPY04.WLT,0x1BF0B6,0x0627B46,0x15F2,0x0000,0x15F2
0x0460540,0x468A90,SPY05.WLT,0x1C06A8,0x0629138,0x178B,0x0000,0x178B
0x0460540,0x468A90,TEMPLE01.WLT,0x1C1E34,0x062A8C4,0x8B9,0x0000,0x8B9
0x0460540,0x468A90,BOSNIA15.WLT,0x1C26EE,0x062B17E,0x727,0x0000,0x727
0x0460540,0x468A90,SPY01.IMG,0x1C2E16,0x062B8A6,0x8A78,0x2200,0x1432
0x0460540,0x468A90,SPY02.IMG,0x1C4248,0x062CCD8,0x8A78,0x2200,0x40F4
0x0460540,0x468A90,SPY03.IMG,0x1C833C,0x0630DCC,0x8A78,0x2200,0x2F28
0x0460540,0x468A90,SPY04.IMG,0x1CB264,0x0633CF4,0x8A78,0x2200,0x43A7
0x0460540,0x468A90,SPY05.IMG,0x1CF60C,0x063809C,0x8A78,0x2200,0x41EE
0x0460540,0x468A90,SPY06.IMG,0x1D37FA,0x063C28A,0x8A78,0x2200,0x4A27
0x0460540,0x468A90,SPY07.IMG,0x1D8222,0x0640CB2,0x8A78,0x2200,0x3BCC
0x0460540,0x468A90,SPY08.IMG,0x1DBDEE,0x064487E,0x8A78,0x2200,0x3D67
0x0460540,0x468A90,SPY09.IMG,0x1DFB56,0x06485E6,0x8A78,0x2200,0x3D62
0x0460540,0x468A90,SPY10.IMG,0x1E38B8,0x064C348,0x8A78,0x2200,0x2DA4
0x0460540,0x468A90,SPY11.IMG,0x1E665C,0x064F0EC,0x8A78,0x2200,0x3200
0x0460540,0x468A90,SPY12.IMG,0x1E985C,0x06522EC,0x8A78,0x2200,0x4325
0x0460540,0x468A90,SPY13.IMG,0x1EDB82,0x0656612,0x8A78,0x2200,0x3D18
0x0460540,0x468A90,SPY14.IMG,0x1F189A,0x065A32A,0x8A78,0x2200,0x429D
0x0460540,0x468A90,SPY15.IMG,0x1F5B38,0x065E5C8,0x8A78,0x2200,0x47A7
0x0460540,0x468A90,GDIEVA_C.WLT,0x1FA2E0,0x0662D70,0x161C,0x0000,0x161C
0x0460540,0x468A90,GDIEVA_C.IMG,0x1FB8FC,0x066438C,0x105E0,0x2200,0x22F4
0x0460540,0x468A90,GDIEVA_L.WLT,0x1FDBF0,0x0666680,0x1F66,0x0000,0x1F66
0x0460540,0x468A90,GDIEVA_R.WLT,0x1FFB56,0x06685E6,0x2002,0x0000,0x2002
0x0460540,0x468A90,NODEVA_L.WLT,0x201B58,0x066A5E8,0x1F03,0x0000,0x1F03
0x0460540,0x468A90,NODEVA_R.WLT,0x203A5C,0x066C4EC,0x1FF9,0x0000,0x1FF9
0x0460540,0x468A90,RIVG0901.WLT,0x205A56,0x066E4E6,0x347,0x2200,0x2C5
0x0460540,0x468A90,RIVG0902.WLT,0x205D1C,0x066E7AC,0x607,0x0000,0x607
0x0460540,0x468A90,RIVG0903.WLT,0x206324,0x066EDB4,0x347,0x2200,0x2C5
0x0460540,0x468A90,RIVG0904.WLT,0x2065EA,0x066F07A,0x4BF,0x2200,0x495
0x0460540,0x468A90,RIVG0905.WLT,0x206A80,0x066F510,0x51B,0x0000,0x51B
0x0460540,0x468A90,RIVG0906.WLT,0x206F9C,0x066FA2C,0x55A,0x0000,0x55A
0x0460540,0x468A90,RIVG0907.WLT,0x2074F6,0x066FF86,0x5B3,0x0000,0x5B3
0x0460540,0x468A90,RIVG0908.WLT,0x207AAA,0x067053A,0x621,0x0000,0x621
0x0460540,0x468A90,RIVG0909.WLT,0x2080CC,0x0670B5C,0x619,0x0000,0x619
0x0460540,0x468A90,RIVG0910.WLT,0x2086E6,0x0671176,0x61D,0x0000,0x61D
0x0460540,0x468A90,RIVG0911.WLT,0x208D04,0x0671794,0x5E7,0x0000,0x5E7
0x0460540,0x468A90,RIVG0912.WLT,0x2092EC,0x0671D7C,0x5F8,0x0000,0x5F8
0x0460540,0x468A90,RIVG0913.WLT,0x2098E4,0x0672374,0x601,0x0000,0x601
0x0460540,0x468A90,RIVG0914.WLT,0x209EE6,0x0672976,0x5F8,0x0000,0x5F8
0x0460540,0x468A90,RIVG0915.WLT,0x20A4DE,0x0672F6E,0x5FF,0x0000,0x5FF
0x0460540,0x468A90,RIVG0916.WLT,0x20AADE,0x067356E,0x5FC,0x0000,0x5FC
0x0460540,0x468A90,RIVG0917.WLT,0x20B0DA,0x0673B6A,0x5F3,0x0000,0x5F3
0x0460540,0x468A90,RIVG0918.WLT,0x20B6CE,0x067415E,0x608,0x0000,0x608
0x0460540,0x468A90,RIVG0919.WLT,0x20BCD6,0x0674766,0x608,0x0000,0x608
0x0460540,0x468A90,RIVG0920.WLT,0x20C2DE,0x0674D6E,0x613,0x0000,0x613
0x0460540,0x468A90,RIVG0921.WLT,0x20C8F2,0x0675382,0x605,0x0000,0x605
0x0460540,0x468A90,RIVG0922.WLT,0x20CEF8,0x0675988,0x5F8,0x0000,0x5F8
0x0460540,0x468A90,BRIEF.IMG,0x20D4F0,0x0675F80,0xD9E0,0x2200,0x276D
0x0460540,0x468A90,GDI1.BRF,0x20FC5E,0x06786EE,0x23F5,0x2200,0x1162
0x0460540,0x468A90,GDI3.BRF,0x210DC0,0x0679850,0x20E4,0x2200,0xFE5
0x0460540,0x468A90,GDI8B.BRF,0x211DA6,0x067A836,0x24F4,0x2200,0xFEB
0x0460540,0x468A90,GDI11.BRF,0x212D92,0x067B822,0x23A8,0x2200,0x10CC
0x0460540,0x468A90,GDI13.BRF,0x213E5E,0x067C8EE,0x2812,0x2200,0x1159
0x0460540,0x468A90,GDI14.BRF,0x214FB8,0x067DA48,0x2159,0x2200,0x1006
0x0460540,0x468A90,GDI15.BRF,0x215FBE,0x067EA4E,0x3A3A,0x2200,0x16DB
0x0460540,0x468A90,GDI30.BRF,0x21769A,0x068012A,0x10DF,0x2200,0x7A3
0x0460540,0x468A90,GDI90.BRF,0x217E3E,0x06808CE,0x103F,0x2200,0x784
0x0460540,0x468A90,NOD1.BRF,0x2185C2,0x0681052,0x2115,0x2200,0xFC4
0x0460540,0x468A90,NOD2.BRF,0x219586,0x0682016,0x23E2,0x2200,0x10D6
0x0460540,0x468A90,NOD3.BRF,0x21A65C,0x06830EC,0x2287,0x2200,0x106A
0x0460540,0x468A90,NOD4A.BRF,0x21B6C6,0x0684156,0x2127,0x2200,0xE5B
0x0460540,0x468A90,NOD4B.BRF,0x21C522,0x0684FB2,0x21F5,0x2200,0xEAD
0x0460540,0x468A90,NOD6.BRF,0x21D3D0,0x0685E60,0x2456,0x2200,0x1149
0x0460540,0x468A90,NOD7A.BRF,0x21E51A,0x0686FAA,0x2493,0x2200,0x1113
0x0460540,0x468A90,NOD7B.BRF,0x21F62E,0x06880BE,0x244A,0x2200,0x1139
0x0460540,0x468A90,NOD9.BRF,0x220768,0x06891F8,0x243A,0x2200,0x1139
0x0460540,0x468A90,NOD11.BRF,0x2218A2,0x068A332,0x2547,0x2200,0x119C
0x0460540,0x468A90,NOD12.BRF,0x222A3E,0x068B4CE,0x23E7,0x2200,0x10F8
0x0460540,0x468A90,NOD13.BRF,0x223B36,0x068C5C6,0x259E,0x2200,0x118E
0x0460540,0x468A90,NOD21.BRF,0x224CC4,0x068D754,0x10DF,0x2200,0x7AB
0x0460540,0x468A90,NOD22.BRF,0x225470,0x068DF00,0x102A,0x2200,0x77C
0x0460540,0x468A90,SCRIPT.BRF,0x225BEC,0x068E67C,0x1DD6,0x2200,0xEAD
0x0460540,0x468A90,BLACK.IMG,0x226A9A,0x068F52A,0x6FA0,0x0000,0x6FA0
0x0460540,0x468A90,STATIC.IMG,0x22DA3A,0x06964CA,0x90,0x1100,0x39
0x0460540,0x468A90,MISSION.ENG,0x22DA74,0x0696504,0x40B9,0x2200,0x1BF6
0x0460540,0x468A90,MISSION.FRE,0x22F66A,0x06980FA,0x435B,0x2200,0x1B9D
0x0460540,0x468A90,MISSION.GER,0x231208,0x0699C98,0x4617,0x2200,0x1D9B
0x0460540,0x468A90,SCG01EA.JIM,0x232FA4,0x069BA34,0x4D10,0x2200,0x1037
0x0460540,0x468A90,SCG02EA.JIM,0x233FDC,0x069CA6C,0x4F90,0x2200,0x1096
0x0460540,0x468A90,SCG03EA.JIM,0x235072,0x069DB02,0x5490,0x2200,0x10D0
0x0460540,0x468A90,SCG04EA.JIM,0x236142,0x069EBD2,0x5410,0x2200,0x112D
0x0460540,0x468A90,SCG04WA.JIM,0x237270,0x069FD00,0x5210,0x2200,0x10F3
0x0460540,0x468A90,SCG04WB.JIM,0x238364,0x06A0DF4,0x4F90,0x2200,0x1007
0x0460540,0x468A90,SCG05EA.JIM,0x23936C,0x06A1DFC,0x4F90,0x2200,0x10A5
0x0460540,0x468A90,SCG05EB.JIM,0x23A412,0x06A2EA2,0x4F90,0x2200,0x10A5
0x0460540,0x468A90,SCG05WA.JIM,0x23B4B8,0x06A3F48,0x4F90,0x2200,0x10A5
0x0460540,0x468A90,SCG05WB.JIM,0x23C55E,0x06A4FEE,0x4F90,0x2200,0x10A5
0x0460540,0x468A90,SCG06EA.JIM,0x23D604,0x06A6094,0x2DD0,0x2200,0x908
0x0460540,0x468A90,SCG07EA.JIM,0x23DF0C,0x06A699C,0x30F0,0x2200,0xA56
0x0460540,0x468A90,SCG08EA.JIM,0x23E962,0x06A73F2,0x6408,0x2200,0x1412
0x0460540,0x468A90,SCG08EB.JIM,0x23FD74,0x06A8804,0x3F00,0x2200,0xCA4
0x0460540,0x468A90,SCG09EA.JIM,0x240A18,0x06A94A8,0x5B20,0x2200,0x1328
0x0460540,0x468A90,SCG10EA.JIM,0x241D40,0x06AA7D0,0x4108,0x2200,0xD50
0x0460540,0x468A90,SCG10EB.JIM,0x242A90,0x06AB520,0x4108,0x2200,0xD50
0x0460540,0x468A90,SCG11EA.JIM,0x2437E0,0x06AC270,0x5E18,0x2200,0x1323
0x0460540,0x468A90,SCG12EA.JIM,0x244B04,0x06AD594,0x5E18,0x2200,0x1361
0x0460540,0x468A90,SCG12EB.JIM,0x245E66,0x06AE8F6,0x5E18,0x2200,0x1361
0x0460540,0x468A90,SCG13EA.JIM,0x2471C8,0x06AFC58,0x4D10,0x2200,0x1080
0x0460540,0x468A90,SCG13EB.JIM,0x248248,0x06B0CD8,0x4B10,0x2200,0xF84
0x0460540,0x468A90,SCG14EA.JIM,0x2491CC,0x06B1C5C,0x30F0,0x2200,0xA45
0x0460540,0x468A90,SCG15EA.JIM,0x249C12,0x06B26A2,0x4D10,0x2200,0x109B
0x0460540,0x468A90,SCG15EB.JIM,0x24ACAE,0x06B373E,0x4D10,0x2200,0x109B
0x0460540,0x468A90,SCG15EC.JIM,0x24BD4A,0x06B47DA,0x4D10,0x2200,0x109B
0x0460540,0x468A90,SCG30EA.JIM,0x24CDE6,0x06B5876,0x4D10,0x2200,0x1037
0x0460540,0x468A90,SCG90EA.JIM,0x24DE1E,0x06B68AE,0x4D10,0x2200,0x1037
0x0460540,0x468A90,SCB01EA.JIM,0x24EE56,0x06B78E6,0x5B20,0x2200,0x12A8
0x0460540,0x468A90,SCB02EA.JIM,0x2500FE,0x06B8B8E,0x4F90,0x2200,0x1079
0x0460540,0x468A90,SCB02EB.JIM,0x251178,0x06B9C08,0x4F90,0x2200,0x1079
0x0460540,0x468A90,SCB03EA.JIM,0x2521F2,0x06BAC82,0x4D10,0x2200,0x1066
0x0460540,0x468A90,SCB03EB.JIM,0x253258,0x06BBCE8,0x4D10,0x2200,0x1066
0x0460540,0x468A90,SCB04EA.JIM,0x2542BE,0x06BCD4E,0x3F00,0x2200,0xCDE
0x0460540,0x468A90,SCB04EB.JIM,0x254F9C,0x06BDA2C,0x4D10,0x2200,0x1029
0x0460540,0x468A90,SCB05EA.JIM,0x255FC6,0x06BEA56,0x4F90,0x2200,0x10DF
0x0460540,0x468A90,SCB06EA.JIM,0x2570A6,0x06BFB36,0x4108,0x2200,0xE1A
0x0460540,0x468A90,SCB06EB.JIM,0x257EC0,0x06C0950,0x4108,0x2200,0xE1A
0x0460540,0x468A90,SCB06EC.JIM,0x258CDA,0x06C176A,0x4108,0x2200,0xE1A
0x0460540,0x468A90,SCB07EA.JIM,0x259AF4,0x06C2584,0x4310,0x2200,0xDAE
0x0460540,0x468A90,SCB07EB.JIM,0x25A8A2,0x06C3332,0x4310,0x2200,0xDAE
0x0460540,0x468A90,SCB07EC.JIM,0x25B650,0x06C40E0,0x4D10,0x2200,0x1015
0x0460540,0x468A90,SCB08EA.JIM,0x25C666,0x06C50F6,0x4F90,0x2200,0x1062
0x0460540,0x468A90,SCB08EB.JIM,0x25D6C8,0x06C6158,0x4F90,0x2200,0x1062
0x0460540,0x468A90,SCB09EA.JIM,0x25E72A,0x06C71BA,0x3F00,0x2200,0xCDE
0x0460540,0x468A90,SCB10EA.JIM,0x25F408,0x06C7E98,0x3F00,0x2200,0xD87
0x0460540,0x468A90,SCB10EB.JIM,0x260190,0x06C8C20,0x4F90,0x2200,0x114F
0x0460540,0x468A90,SCB11EA.JIM,0x2612E0,0x06C9D70,0x1E30,0x2200,0x67A
0x0460540,0x468A90,SCB11EB.JIM,0x26195A,0x06CA3EA,0x1E30,0x2200,0x67A
0x0460540,0x468A90,SCB12EA.JIM,0x261FD4,0x06CAA64,0x5B20,0x2200,0x11B6
0x0460540,0x468A90,SCB13EA.JIM,0x26318A,0x06CBC1A,0x4108,0x2200,0xD5A
0x0460540,0x468A90,SCB13EB.JIM,0x263EE4,0x06CC974,0x4108,0x2200,0xD5A
0x0460540,0x468A90,SCB13EC.JIM,0x264C3E,0x06CD6CE,0x4108,0x2200,0xD5A
0x0460540,0x468A90,SCB21EA.JIM,0x265998,0x06CE428,0x4D10,0x2200,0x1040
0x0460540,0x468A90,SCB22EB.JIM,0x2669D8,0x06CF468,0x5B20,0x2200,0x12A8
0x0460540,0x468A90,SCB22EB.JIM,0x267C80,0x06D0710,0x5B20,0x2200,0x12A8
0x0460540,0x468A90,NTSCTEST.IMG,0x268F28,0x06D19B8,0x25810,0x2200,0x4D9F
0x0460540,0x468A90,WATERTST.IMG,0x26DCC8,0x06D6758,0x810,0x2200,0x50E
0x0460540,0x468A90,WATER1.IMG,0x26E1D6,0x06D6C66,0x810,0x2200,0x506
0x0460540,0x468A90,WATER2.IMG,0x26E6DC,0x06D716C,0x810,0x2200,0x4C5
0x0460540,0x468A90,BOTTOM.IMG,0x26EBA2,0x06D7632,0x810,0x2200,0x475
0x0460540,0x468A90,CLEAR1.TEM,0x26F018,0x06D7AA8,0x2440,0x2200,0xFCB
0x0460540,0x468A90,CLEAR1_A.TEM,0x26FFE4,0x06D8A74,0x2440,0x2200,0xFCB
0x0460540,0x468A90,CLEAR1_B.TEM,0x270FB0,0x06D9A40,0x2440,0x2200,0x9C3
0x0460540,0x468A90,CLEAR1_C.TEM,0x271974,0x06DA404,0x2440,0x2200,0x9C3
0x0460540,0x468A90,CLEAR1_D.TEM,0x272338,0x06DADC8,0x2440,0x2200,0x1514
0x0460540,0x468A90,CLEAR1_E.TEM,0x27384C,0x06DC2DC,0x2440,0x2200,0x1477
0x0460540,0x468A90,CLEAR1_F.TEM,0x274CC4,0x06DD754,0x2440,0x2200,0x9DE
0x0460540,0x468A90,CLEAR1_G.TEM,0x2756A2,0x06DE132,0x2440,0x2200,0x4A0
0x0460540,0x468A90,CLEAR1_H.TEM,0x275B42,0x06DE5D2,0x2440,0x2200,0xC9E
0x0460540,0x468A90,CLEAR1_I.TEM,0x2767E0,0x06DF270,0x2440,0x2200,0x9A0
0x0460540,0x468A90,CLEAR1_J.TEM,0x277180,0x06DFC10,0x2440,0x2200,0x9C3
0x0460540,0x468A90,CLEAR1_K.TEM,0x277B44,0x06E05D4,0x2440,0x1100,0x489
0x0460540,0x468A90,SCB01EA.INI,0x277FCE,0x06E0A5E,0x1213,0x2200,0x7BE
0x0460540,0x468A90,SCB02EA.INI,0x27878C,0x06E121C,0x1386,0x2200,0x90F
0x0460540,0x468A90,SCB02EB.INI,0x27909C,0x06E1B2C,0x150E,0x2200,0x99E
0x0460540,0x468A90,SCB03EA.INI,0x279A3A,0x06E24CA,0x1E60,0x2200,0xD0C
0x0460540,0x468A90,SCB03EB.INI,0x27A746,0x06E31D6,0x21EF,0x2200,0xE63
0x0460540,0x468A90,SCB04EA.INI,0x27B5AA,0x06E403A,0x1A60,0x2200,0xAE1
0x0460540,0x468A90,SCB04EB.INI,0x27C08C,0x06E4B1C,0x2311,0x2200,0xDD0
0x0460540,0x468A90,SCB05EA.INI,0x27CE5C,0x06E58EC,0x2214,0x2200,0xF7D
0x0460540,0x468A90,SCB06EA.INI,0x27DDDA,0x06E686A,0x1EE2,0x2200,0xCAC
0x0460540,0x468A90,SCB06EB.INI,0x27EA86,0x06E7516,0x1EA2,0x2200,0xCD0
0x0460540,0x468A90,SCB06EC.INI,0x27F756,0x06E81E6,0x1A48,0x2200,0xB99
0x0460540,0x468A90,SCB07EA.INI,0x2802F0,0x06E8D80,0x2882,0x2200,0x11DE
0x0460540,0x468A90,SCB07EB.INI,0x2814CE,0x06E9F5E,0x3A60,0x2200,0x17BC
0x0460540,0x468A90,SCB07EC.INI,0x282C8A,0x06EB71A,0x251C,0x2200,0xFCE
0x0460540,0x468A90,SCB08EA.INI,0x283C58,0x06EC6E8,0x288F,0x2200,0x11C1
0x0460540,0x468A90,SCB08EB.INI,0x284E1A,0x06ED8AA,0x2AF7,0x2200,0x12EA
0x0460540,0x468A90,SCB09EA.INI,0x286104,0x06EEB94,0x31F2,0x2200,0x14D9
0x0460540,0x468A90,SCB10EA.INI,0x2875DE,0x06F006E,0x3D01,0x2200,0x1729
0x0460540,0x468A90,SCB10EB.INI,0x288D08,0x06F1798,0x1F2A,0x2200,0xCC3
0x0460540,0x468A90,SCB11EA.INI,0x2899CC,0x06F245C,0x3127,0x2200,0x1472
0x0460540,0x468A90,SCB11EB.INI,0x28AE3E,0x06F38CE,0x3696,0x2200,0x168C
0x0460540,0x468A90,SCB12EA.INI,0x28C4CA,0x06F4F5A,0x2CED,0x2200,0x1317
0x0460540,0x468A90,SCB13EA.INI,0x28D7E2,0x06F6272,0x343E,0x2200,0x16F0
0x0460540,0x468A90,SCB13EB.INI,0x28EED2,0x06F7962,0x3686,0x2200,0x17EC
0x0460540,0x468A90,SCB13EC.INI,0x2906BE,0x06F914E,0x3E82,0x2200,0x1997
0x0460540,0x468A90,SCB20EA.INI,0x292056,0x06FAAE6,0x338E,0x2200,0x17F9
0x0460540,0x468A90,SCB21EA.INI,0x293850,0x06FC2E0,0x1A5A,0x2200,0xB62
0x0460540,0x468A90,SCB22EB.INI,0x2943B2,0x06FCE42,0x2B98,0x2200,0x1274
0x0460540,0x468A90,SCB31EA.INI,0x295626,0x06FE0B6,0x34FE,0x2200,0x16AD
0x0460540,0x468A90,SCB32EA.INI,0x296CD4,0x06FF764,0x3750,0x2200,0x1994
0x0460540,0x468A90,SCB33EA.INI,0x298668,0x07010F8,0x3568,0x2200,0x17D0
0x0460540,0x468A90,SCB35EA.INI,0x299E38,0x07028C8,0x2573,0x2200,0xFF1
0x0460540,0x468A90,SCB37EA.INI,0x29AE2A,0x07038BA,0x1E56,0x2200,0xCB9
0x0460540,0x468A90,SCB60EA.INI,0x29BAE4,0x0704574,0x1D5A,0x2200,0xD01
0x0460540,0x468A90,SCB61EA.INI,0x29C7E6,0x0705276,0x2BAD,0x2200,0x139A
0x0460540,0x468A90,SCB64EA.INI,0x29DB80,0x0706610,0x2BC0,0x2200,0x1246
0x0460540,0x468A90,SCG01EA.INI,0x29EDC6,0x0707856,0x1120,0x2200,0x7F1
0x0460540,0x468A90,SCG02EA.INI,0x29F5B8,0x0708048,0x1A5D,0x2200,0xB01
0x0460540,0x468A90,SCG03EA.INI,0x2A00BA,0x0708B4A,0x2644,0x2200,0x1067
0x0460540,0x468A90,SCG04EA.INI,0x2A1122,0x0709BB2,0x18AE,0x2200,0xAB7
0x0460540,0x468A90,SCG04WA.INI,0x2A1BDA,0x070A66A,0x1C48,0x2200,0xC74
0x0460540,0x468A90,SCG04WB.INI,0x2A284E,0x070B2DE,0x1F4B,0x2200,0xD3D
0x0460540,0x468A90,SCG05EA.INI,0x2A358C,0x070C01C,0x2B6C,0x2200,0x12C7
0x0460540,0x468A90,SCG05EB.INI,0x2A4854,0x070D2E4,0x2D7A,0x2200,0x1420
0x0460540,0x468A90,SCG05WA.INI,0x2A5C74,0x070E704,0x27A4,0x2200,0x1147
0x0460540,0x468A90,SCG05WB.INI,0x2A6DBC,0x070F84C,0x2847,0x2200,0x1181
0x0460540,0x468A90,SCG06EA.INI,0x2A7F3E,0x07109CE,0x2526,0x2200,0xF74
0x0460540,0x468A90,SCG07EA.INI,0x2A8EB2,0x0711942,0x2A00,0x2200,0x1202
0x0460540,0x468A90,SCG08EA.INI,0x2AA0B4,0x0712B44,0x33F5,0x2200,0x16AB
0x0460540,0x468A90,SCG08EB.INI,0x2AB760,0x07141F0,0x3213,0x2200,0x1632
0x0460540,0x468A90,SCG09EA.INI,0x2ACD92,0x0715822,0x2C92,0x2200,0x13A3
0x0460540,0x468A90,SCG10EA.INI,0x2AE136,0x0716BC6,0x306B,0x2200,0x14DC
0x0460540,0x468A90,SCG10EB.INI,0x2AF612,0x07180A2,0x2630,0x2200,0x112E
0x0460540,0x468A90,SCG11EA.INI,0x2B0740,0x07191D0,0x2924,0x2200,0x1229
0x0460540,0x468A90,SCG12EA.INI,0x2B196A,0x071A3FA,0x34D4,0x2200,0x1667
0x0460540,0x468A90,SCG12EB.INI,0x2B2FD2,0x071BA62,0x28B2,0x2200,0x1204
0x0460540,0x468A90,SCG13EA.INI,0x2B41D6,0x071CC66,0x3575,0x2200,0x16D8
0x0460540,0x468A90,SCG13EB.INI,0x2B58AE,0x071E33E,0x3575,0x2200,0x16D8
0x0460540,0x468A90,SCG14EA.INI,0x2B6F86,0x071FA16,0x1928,0x2200,0xA3D
0x0460540,0x468A90,SCG15EA.INI,0x2B79C4,0x0720454,0x39B6,0x2200,0x1909
0x0460540,0x468A90,SCG15EB.INI,0x2B92CE,0x0721D5E,0x3BA2,0x2200,0x1925
0x0460540,0x468A90,SCG15EC.INI,0x2BABF4,0x0723684,0x3C03,0x2200,0x1A33
0x0460540,0x468A90,SCG22EA.INI,0x2BC628,0x07250B8,0x2DDB,0x2200,0x1569
0x0460540,0x468A90,SCG23EA.INI,0x2BDB92,0x0726622,0x3A6B,0x2200,0x19F8
0x0460540,0x468A90,SCG30EA.INI,0x2BF58A,0x072801A,0x29FA,0x2200,0x1319
0x0460540,0x468A90,SCG32EA.INI,0x2C08A4,0x0729334,0x4468,0x2200,0x18D9
0x0460540,0x468A90,SCG36EA.INI,0x2C217E,0x072AC0E,0x29D2,0x2200,0x130A
0x0460540,0x468A90,SCG38EA.INI,0x2C3488,0x072BF18,0x2DC2,0x2200,0x1318
0x0460540,0x468A90,SCG40EA.INI,0x2C47A0,0x072D230,0x252C,0x2200,0x1087
0x0460540,0x468A90,SCG41EA.INI,0x2C5828,0x072E2B8,0x43D9,0x2200,0x1DC5
0x0460540,0x468A90,SCG50EA.INI,0x2C75EE,0x073007E,0x40E3,0x2200,0x1B73
0x0460540,0x468A90,SCG60EA.INI,0x2C9162,0x0731BF2,0x21E3,0x2200,0xE4B
0x0460540,0x468A90,SCG61EA.INI,0x2C9FAE,0x0732A3E,0x207B,0x2200,0xF0A
0x0460540,0x468A90,SCG62EA.INI,0x2CAEB8,0x0733948,0x2F8A,0x2200,0x1519
0x0460540,0x468A90,SCG72EA.INI,0x2CC3D2,0x0734E62,0x11B9,0x2200,0x7B0
0x0460540,0x468A90,SCG90EA.INI,0x2CCB82,0x0735612,0x2088,0x2200,0xE17
0x0460540,0x468A90,SCG71EB.INI,0x2CD99A,0x073642A,0x2740,0x2200,0x10D0
0x0460540,0x468A90,SCG73EA.INI,0x2CEA6A,0x07374FA,0x4468,0x2200,0x18D9
0x0460540,0x468A90,SCG74EA.INI,0x2D0344,0x0738DD4,0x2008,0x2200,0x9AA
0x0460540,0x468A90,SCG72EA.INI,0x2D0CEE,0x073977E,0x11B9,0x2200,0x7B0
0x0460540,0x468A90,SCB70EA.INI,0x2D149E,0x0739F2E,0x427E,0x2200,0x1770
0x0460540,0x468A90,SCB01EA.MAP,0x2D2C0E,0x073B69E,0x2000,0x2200,0x707
0x0460540,0x468A90,SCB02EA.MAP,0x2D3316,0x073BDA6,0x2000,0x2200,0x869
0x0460540,0x468A90,SCB02EB.MAP,0x2D3B80,0x073C610,0x2000,0x2200,0x610
0x0460540,0x468A90,SCB03EA.MAP,0x2D4190,0x073CC20,0x2000,0x2200,0x78C
0x0460540,0x468A90,SCB03EB.MAP,0x2D491C,0x073D3AC,0x2000,0x2200,0x8EA
0x0460540,0x468A90,SCB04EA.MAP,0x2D5206,0x073DC96,0x2000,0x2200,0x8AA
0x0460540,0x468A90,SCB04EB.MAP,0x2D5AB0,0x073E540,0x2000,0x2200,0x8CE
0x0460540,0x468A90,SCB05EA.MAP,0x2D637E,0x073EE0E,0x2000,0x2200,0x949
0x0460540,0x468A90,SCB06EA.MAP,0x2D6CC8,0x073F758,0x2000,0x2200,0x925
0x0460540,0x468A90,SCB06EB.MAP,0x2D75EE,0x074007E,0x2000,0x2200,0xA74
0x0460540,0x468A90,SCB06EC.MAP,0x2D8062,0x0740AF2,0x2000,0x2200,0x8D9
0x0460540,0x468A90,SCB07EA.MAP,0x2D893C,0x07413CC,0x2000,0x2200,0x9DF
0x0460540,0x468A90,SCB07EB.MAP,0x2D931C,0x0741DAC,0x2000,0x2200,0xAEF
0x0460540,0x468A90,SCB07EC.MAP,0x2D9E0C,0x074289C,0x2000,0x2200,0xC53
0x0460540,0x468A90,SCB08EA.MAP,0x2DAA60,0x07434F0,0x2000,0x2200,0x95B
0x0460540,0x468A90,SCB08EB.MAP,0x2DB3BC,0x0743E4C,0x2000,0x2200,0xA8C
0x0460540,0x468A90,SCB09EA.MAP,0x2DBE48,0x07448D8,0x2000,0x2200,0xA44
0x0460540,0x468A90,SCB10EA.MAP,0x2DC88C,0x074531C,0x2000,0x2200,0xD13
0x0460540,0x468A90,SCB10EB.MAP,0x2DD5A0,0x0746030,0x2000,0x2200,0xA84
0x0460540,0x468A90,SCB11EA.MAP,0x2DE024,0x0746AB4,0x2000,0x2200,0xA2B
0x0460540,0x468A90,SCB11EB.MAP,0x2DEA50,0x07474E0,0x2000,0x2200,0xC7C
0x0460540,0x468A90,SCB12EA.MAP,0x2DF6CC,0x074815C,0x2000,0x2200,0xA9B
0x0460540,0x468A90,SCB13EA.MAP,0x2E0168,0x0748BF8,0x2000,0x2200,0x92D
0x0460540,0x468A90,SCB13EB.MAP,0x2E0A96,0x0749526,0x2000,0x2200,0x8B7
0x0460540,0x468A90,SCB13EC.MAP,0x2E134E,0x0749DDE,0x2000,0x2200,0xBA4
0x0460540,0x468A90,SCB20EA.MAP,0x2E1EF2,0x074A982,0x2000,0x2200,0x9E1
0x0460540,0x468A90,SCB21EA.MAP,0x2E28D4,0x074B364,0x2000,0x2200,0xCCE
0x0460540,0x468A90,SCB22EB.MAP,0x2E35A2,0x074C032,0x2000,0x2200,0x842
0x0460540,0x468A90,SCB31EA.MAP,0x2E3DE4,0x074C874,0x2000,0x2200,0xB4E
0x0460540,0x468A90,SCB32EA.MAP,0x2E4932,0x074D3C2,0x2000,0x2200,0xA9E
0x0460540,0x468A90,SCB33EA.MAP,0x2E53D0,0x074DE60,0x2000,0x2200,0xAAF
0x0460540,0x468A90,SCB35EA.MAP,0x2E5E80,0x074E910,0x2000,0x2200,0x670
0x0460540,0x468A90,SCB37EA.MAP,0x2E64F0,0x074EF80,0x2000,0x2200,0x730
0x0460540,0x468A90,SCB60EA.MAP,0x2E6C20,0x074F6B0,0x2000,0x2200,0x8C7
0x0460540,0x468A90,SCB61EA.MAP,0x2E74E8,0x074FF78,0x2000,0x2200,0xB11
0x0460540,0x468A90,SCG01EA.MAP,0x2E7FFA,0x0750A8A,0x2000,0x2200,0x66D
0x0460540,0x468A90,SCG02EA.MAP,0x2E8668,0x07510F8,0x2000,0x2200,0x651
0x0460540,0x468A90,SCG03EA.MAP,0x2E8CBA,0x075174A,0x2000,0x2200,0x5F4
0x0460540,0x468A90,SCG04EA.MAP,0x2E92AE,0x0751D3E,0x2000,0x2200,0x918
0x0460540,0x468A90,SCG04WA.MAP,0x2E9BC6,0x0752656,0x2000,0x2200,0x9F7
0x0460540,0x468A90,SCG04WB.MAP,0x2EA5BE,0x075304E,0x2000,0x2200,0x8A1
0x0460540,0x468A90,SCG05EA.MAP,0x2EAE60,0x07538F0,0x2000,0x2200,0x6DA
0x0460540,0x468A90,SCG05EB.MAP,0x2EB53A,0x0753FCA,0x2000,0x2200,0x837
0x0460540,0x468A90,SCG05WA.MAP,0x2EBD72,0x0754802,0x2000,0x2200,0x6DA
0x0460540,0x468A90,SCG05WB.MAP,0x2EC44C,0x0754EDC,0x2000,0x2200,0x6A2
0x0460540,0x468A90,SCG06EA.MAP,0x2ECAEE,0x075557E,0x2000,0x2200,0xA46
0x0460540,0x468A90,SCG07EA.MAP,0x2ED534,0x0755FC4,0x2000,0x2200,0xA30
0x0460540,0x468A90,SCG08EA.MAP,0x2EDF64,0x07569F4,0x2000,0x2200,0x747
0x0460540,0x468A90,SCG08EB.MAP,0x2EE6AC,0x075713C,0x2000,0x2200,0x857
0x0460540,0x468A90,SCG09EA.MAP,0x2EEF04,0x0757994,0x2000,0x2200,0x971
0x0460540,0x468A90,SCG10EA.MAP,0x2EF876,0x0758306,0x2000,0x2200,0x793
0x0460540,0x468A90,SCG10EB.MAP,0x2F000A,0x0758A9A,0x2000,0x2200,0x893
0x0460540,0x468A90,SCG11EA.MAP,0x2F089E,0x075932E,0x2000,0x2200,0x988
0x0460540,0x468A90,SCG12EA.MAP,0x2F1226,0x0759CB6,0x2000,0x2200,0x7DF
0x0460540,0x468A90,SCG12EB.MAP,0x2F1A06,0x075A496,0x2000,0x2200,0x6C5
0x0460540,0x468A90,SCG13EA.MAP,0x2F20CC,0x075AB5C,0x2000,0x2200,0x735
0x0460540,0x468A90,SCG13EB.MAP,0x2F2802,0x075B292,0x2000,0x2200,0x735
0x0460540,0x468A90,SCG14EA.MAP,0x2F2F38,0x075B9C8,0x2000,0x2200,0x945
0x0460540,0x468A90,SCG15EA.MAP,0x2F387E,0x075C30E,0x2000,0x2200,0x7C3
0x0460540,0x468A90,SCG15EB.MAP,0x2F4042,0x075CAD2,0x2000,0x2200,0x89E
0x0460540,0x468A90,SCG15EC.MAP,0x2F48E0,0x075D370,0x2000,0x2200,0x962
0x0460540,0x468A90,SCG22EA.MAP,0x2F5242,0x075DCD2,0x2000,0x2200,0x81B
0x0460540,0x468A90,SCG23EA.MAP,0x2F5A5E,0x075E4EE,0x2000,0x2200,0x6C7
0x0460540,0x468A90,SCG30EA.MAP,0x2F6126,0x075EBB6,0x2000,0x2200,0x897
0x0460540,0x468A90,SCG32EA.MAP,0x2F69BE,0x075F44E,0x2000,0x2200,0xA9D
0x0460540,0x468A90,SCG36EA.MAP,0x2F745C,0x075FEEC,0x2000,0x2200,0x661
0x0460540,0x468A90,SCG38EA.MAP,0x2F7ABE,0x076054E,0x2000,0x2200,0x7A0
0x0460540,0x468A90,SCG40EA.MAP,0x2F825E,0x0760CEE,0x2000,0x2200,0xAEF
0x0460540,0x468A90,SCG41EA.MAP,0x2F8D4E,0x07617DE,0x2000,0x2200,0xA83
0x0460540,0x468A90,SCG50EA.MAP,0x2F97D2,0x0762262,0x2000,0x2200,0x92C
0x0460540,0x468A90,SCG60EA.MAP,0x2FA0FE,0x0762B8E,0x2000,0x2200,0xA0C
0x0460540,0x468A90,SCG61EA.MAP,0x2FAB0A,0x076359A,0x2000,0x2200,0xCD5
0x0460540,0x468A90,SCG62EA.MAP,0x2FB7E0,0x0764270,0x2000,0x2200,0x9B6
0x0460540,0x468A90,SCG72EA.MAP,0x2FC196,0x0764C26,0x2000,0x2200,0x4E1
0x0460540,0x468A90,SCG90EA.MAP,0x2FC678,0x0765108,0x2000,0x2200,0x6D1
0x0460540,0x468A90,SCG71EB.MAP,0x2FCD4A,0x07657DA,0x2000,0x1100,0x3E0
0x0460540,0x468A90,SCG73EA.MAP,0x2FD12A,0x0765BBA,0x2000,0x2200,0xA9D
0x0460540,0x468A90,SCG74EA.MAP,0x2FDBC8,0x0766658,0x2000,0x1100,0x3E0
0x0460540,0x468A90,SCG72EA.MAP,0x2FDFA8,0x0766A38,0x2000,0x2200,0x4E1
0x0460540,0x468A90,SCB70EA.MAP,0x2FE48A,0x0766F1A,0x2000,0x2200,0xA9B
0x0460540,0x468A90,DESERT.DA4,0x2FEF26,0x07679B6,0x42720,0x0000,0x42720
0x0460540,0x468A90,DESERT.DA8,0x341646,0x07AA0D6,0x3F00,0x0000,0x3F00
0x0460540,0x468A90,DESERT.TL4,0x345546,0x07ADFD6,0x762,0x0000,0x762
0x0460540,0x468A90,DESERT.TL8,0x345CA8,0x07AE738,0x38,0x0000,0x38
0x0460540,0x468A90,DESERT.ND4,0x345CE0,0x07AE770,0x3B1,0x2200,0x152
0x0460540,0x468A90,DESERT.ND8,0x345E32,0x07AE8C2,0x1C,0x1100,0x12
0x0460540,0x468A90,DESERT.PA4,0x345E44,0x07AE8D4,0x210,0x2200,0x1EB
0x0460540,0x468A90,DESERT.PA8,0x346030,0x07AEAC0,0x300,0x1100,0x93
0x0460540,0x468A90,TEMPERAT.DA4,0x3460C4,0x07AEB54,0x16260,0x0000,0x16260
0x0460540,0x468A90,TEMPERAT.DA8,0x35C324,0x07C4DB4,0x3E4C0,0x0000,0x3E4C0
0x0460540,0x468A90,TEMPERAT.TL4,0x39A7E4,0x0803274,0x276,0x0000,0x276
0x0460540,0x468A90,TEMPERAT.TL8,0x39AA5A,0x08034EA,0x376,0x0000,0x376
0x0460540,0x468A90,TEMPERAT.ND4,0x39ADD0,0x0803860,0x13B,0x2200,0x7B
0x0460540,0x468A90,TEMPERAT.ND8,0x39AE4C,0x08038DC,0x1BB,0x1100,0x45
0x0460540,0x468A90,TEMPERAT.PA4,0x39AE92,0x0803922,0x150,0x1100,0x123
0x0460540,0x468A90,TEMPERAT.PA8,0x39AFB6,0x0803A46,0x300,0x0000,0x300
0x0460540,0x468A90,FLAT.IMG,0x39B2B6,0x0803D46,0x1091,0x1100,0x213
0x0460540,0x468A90,SCB01EA.IMG,0x39B4CA,0x0803F5A,0x1091,0x2200,0x474
0x0460540,0x468A90,SCB02EA.IMG,0x39B93E,0x08043CE,0x1091,0x2200,0x415
0x0460540,0x468A90,SCB02EB.IMG,0x39BD54,0x08047E4,0x1091,0x2200,0x36B
0x0460540,0x468A90,SCB03EA.IMG,0x39C0C0,0x0804B50,0x1091,0x2200,0x46D
0x0460540,0x468A90,SCB03EB.IMG,0x39C52E,0x0804FBE,0x1091,0x2200,0x438
0x0460540,0x468A90,SCB04EA.IMG,0x39C966,0x08053F6,0x1091,0x2200,0x6C0
0x0460540,0x468A90,SCB04EB.IMG,0x39D026,0x0805AB6,0x1091,0x2200,0x4F9
0x0460540,0x468A90,SCB05EA.IMG,0x39D520,0x0805FB0,0x1091,0x2200,0x699
0x0460540,0x468A90,SCB06EA.IMG,0x39DBBA,0x080664A,0x1091,0x2200,0x660
0x0460540,0x468A90,SCB06EB.IMG,0x39E21A,0x0806CAA,0x1091,0x2200,0x60B
0x0460540,0x468A90,SCB06EC.IMG,0x39E826,0x08072B6,0x1091,0x2200,0x4B9
0x0460540,0x468A90,SCB07EA.IMG,0x39ECE0,0x0807770,0x1091,0x2200,0x62A
0x0460540,0x468A90,SCB07EB.IMG,0x39F30A,0x0807D9A,0x1091,0x2200,0x5FF
0x0460540,0x468A90,SCB07EC.IMG,0x39F90A,0x080839A,0x1091,0x2200,0x6C7
0x0460540,0x468A90,SCB08EA.IMG,0x39FFD2,0x0808A62,0x1091,0x2200,0x58C
0x0460540,0x468A90,SCB08EB.IMG,0x3A055E,0x0808FEE,0x1091,0x2200,0x5E0
0x0460540,0x468A90,SCB09EA.IMG,0x3A0B3E,0x08095CE,0x1091,0x2200,0x6E7
0x0460540,0x468A90,SCB10EA.IMG,0x3A1226,0x0809CB6,0x1091,0x2200,0x3C5
0x0460540,0x468A90,SCB10EB.IMG,0x3A15EC,0x080A07C,0x1091,0x2200,0x7EA
0x0460540,0x468A90,SCB11EA.IMG,0x3A1DD6,0x080A866,0x1091,0x2200,0x66F
0x0460540,0x468A90,SCB11EB.IMG,0x3A2446,0x080AED6,0x1091,0x2200,0x746
0x0460540,0x468A90,SCB12EA.IMG,0x3A2B8C,0x080B61C,0x1091,0x2200,0x6EF
0x0460540,0x468A90,SCB13EA.IMG,0x3A327C,0x080BD0C,0x1091,0x2200,0x683
0x0460540,0x468A90,SCB13EB.IMG,0x3A3900,0x080C390,0x1091,0x2200,0x59C
0x0460540,0x468A90,SCB13EC.IMG,0x3A3E9C,0x080C92C,0x1091,0x2200,0x686
0x0460540,0x468A90,SCB21EA.IMG,0x3A4522,0x080CFB2,0x1091,0x2200,0x662
0x0460540,0x468A90,SCB22EB.IMG,0x3A4B84,0x080D614,0x1091,0x2200,0x6DF
0x0460540,0x468A90,SCG01EA.IMG,0x3A5264,0x080DCF4,0x1091,0x2200,0x38D
0x0460540,0x468A90,SCG02EA.IMG,0x3A55F2,0x080E082,0x1091,0x2200,0x3F0
0x0460540,0x468A90,SCG03EA.IMG,0x3A59E2,0x080E472,0x1091,0x2200,0x2FE
0x0460540,0x468A90,SCG04EA.IMG,0x3A5CE0,0x080E770,0x1091,0x2200,0x442
0x0460540,0x468A90,SCG04WA.IMG,0x3A6122,0x080EBB2,0x1091,0x2200,0x656
0x0460540,0x468A90,SCG04WB.IMG,0x3A6778,0x080F208,0x1091,0x2200,0x512
0x0460540,0x468A90,SCG05EA.IMG,0x3A6C8A,0x080F71A,0x1091,0x2200,0x4FC
0x0460540,0x468A90,SCG05EB.IMG,0x3A7186,0x080FC16,0x1091,0x2200,0x5F1
0x0460540,0x468A90,SCG05WA.IMG,0x3A7778,0x0810208,0x1091,0x2200,0x560
0x0460540,0x468A90,SCG05WB.IMG,0x3A7CD8,0x0810768,0x1091,0x2200,0x6E7
0x0460540,0x468A90,SCG06EA.IMG,0x3A83C0,0x0810E50,0x1091,0x2200,0x644
0x0460540,0x468A90,SCG07EA.IMG,0x3A8A04,0x0811494,0x1091,0x2200,0x6A0
0x0460540,0x468A90,SCG08EA.IMG,0x3A90A4,0x0811B34,0x1091,0x2200,0x6A5
0x0460540,0x468A90,SCG08EB.IMG,0x3A974A,0x08121DA,0x1091,0x2200,0x790
0x0460540,0x468A90,SCG09EA.IMG,0x3A9EDA,0x081296A,0x1091,0x2200,0x47C
0x0460540,0x468A90,SCG10EA.IMG,0x3AA356,0x0812DE6,0x1091,0x2200,0x75A
0x0460540,0x468A90,SCG10EB.IMG,0x3AAAB0,0x0813540,0x1091,0x2200,0x81F
0x0460540,0x468A90,SCG11EA.IMG,0x3AB2D0,0x0813D60,0x1091,0x2200,0x7E0
0x0460540,0x468A90,SCG12EA.IMG,0x3ABAB0,0x0814540,0x1091,0x2200,0x6E3
0x0460540,0x468A90,SCG12EB.IMG,0x3AC194,0x0814C24,0x1091,0x2200,0x632
0x0460540,0x468A90,SCG13EA.IMG,0x3AC7C6,0x0815256,0x1091,0x2200,0x55A
0x0460540,0x468A90,SCG13EB.IMG,0x3ACD20,0x08157B0,0x1091,0x2200,0x550
0x0460540,0x468A90,SCG14EA.IMG,0x3AD270,0x0815D00,0x1091,0x2200,0x823
0x0460540,0x468A90,SCG15EA.IMG,0x3ADA94,0x0816524,0x1091,0x2200,0x64D
0x0460540,0x468A90,SCG15EB.IMG,0x3AE0E2,0x0816B72,0x1091,0x2200,0x7A9
0x0460540,0x468A90,SCG15EC.IMG,0x3AE88C,0x081731C,0x1091,0x2200,0x838
0x0460540,0x468A90,SCG30EA.IMG,0x3AF0C4,0x0817B54,0x1091,0x2200,0x5AA
0x0460540,0x468A90,SCG90EA.IMG,0x3AF66E,0x08180FE,0x1091,0x2200,0x701
0x0460540,0x468A90,CMFLAT.IMG,0x3AFD70,0x0818800,0x2112,0x1100,0x402
0x0460540,0x468A90,CMB01EA.IMG,0x3B0172,0x0818C02,0x2112,0x2200,0xA00
0x0460540,0x468A90,CMB02EA.IMG,0x3B0B72,0x0819602,0x2112,0x2200,0xC4B
0x0460540,0x468A90,CMB02EB.IMG,0x3B17BE,0x081A24E,0x2112,0x2200,0x7D5
0x0460540,0x468A90,CMB03EA.IMG,0x3B1F94,0x081AA24,0x2112,0x2200,0x995
0x0460540,0x468A90,CMB03EB.IMG,0x3B292A,0x081B3BA,0x2112,0x2200,0x922
0x0460540,0x468A90,CMB04EA.IMG,0x3B324C,0x081BCDC,0x2112,0x2200,0xDED
0x0460540,0x468A90,CMB04EB.IMG,0x3B403A,0x081CACA,0x2112,0x2200,0xBE0
0x0460540,0x468A90,CMB05EA.IMG,0x3B4C1A,0x081D6AA,0x2112,0x2200,0xF0F
0x0460540,0x468A90,CMB06EA.IMG,0x3B5B2A,0x081E5BA,0x2112,0x2200,0xCE6
0x0460540,0x468A90,CMB06EB.IMG,0x3B6810,0x081F2A0,0x2112,0x2200,0xB7C
0x0460540,0x468A90,CMB06EC.IMG,0x3B738C,0x081FE1C,0x2112,0x2200,0xC4A
0x0460540,0x468A90,CMB07EA.IMG,0x3B7FD6,0x0820A66,0x2112,0x2200,0xFA4
0x0460540,0x468A90,CMB07EB.IMG,0x3B8F7A,0x0821A0A,0x2112,0x2200,0xE3C
0x0460540,0x468A90,CMB07EC.IMG,0x3B9DB6,0x0822846,0x2112,0x2200,0xE28
0x0460540,0x468A90,CMB08EA.IMG,0x3BABDE,0x082366E,0x2112,0x2200,0xCF5
0x0460540,0x468A90,CMB08EB.IMG,0x3BB8D4,0x0824364,0x2112,0x2200,0x1178
0x0460540,0x468A90,CMB09EA.IMG,0x3BCA4C,0x08254DC,0x2112,0x2200,0x11F0
0x0460540,0x468A90,CMB10EA.IMG,0x3BDC3C,0x08266CC,0x2112,0x2200,0x1177
0x0460540,0x468A90,CMB10EB.IMG,0x3BEDB4,0x0827844,0x2112,0x2200,0x115E
0x0460540,0x468A90,CMB11EA.IMG,0x3BFF12,0x08289A2,0x2112,0x2200,0x1424
0x0460540,0x468A90,CMB11EB.IMG,0x3C1336,0x0829DC6,0x2112,0x2200,0x11D7
0x0460540,0x468A90,CMB12EA.IMG,0x3C250E,0x082AF9E,0x2112,0x2200,0x13AC
0x0460540,0x468A90,CMB13EA.IMG,0x3C38BA,0x082C34A,0x2112,0x2200,0x10CD
0x0460540,0x468A90,CMB13EB.IMG,0x3C4988,0x082D418,0x2112,0x2200,0x10ED
0x0460540,0x468A90,CMB13EC.IMG,0x3C5A76,0x082E506,0x2112,0x2200,0x1136
0x0460540,0x468A90,CMB21EA.IMG,0x3C6BAC,0x082F63C,0x2112,0x2200,0xC74
0x0460540,0x468A90,CMB22EB.IMG,0x3C7820,0x08302B0,0x2112,0x2200,0x102B
0x0460540,0x468A90,CMG01EA.IMG,0x3C884C,0x08312DC,0x2112,0x2200,0x5E3
0x0460540,0x468A90,CMG02EA.IMG,0x3C8E30,0x08318C0,0x2112,0x2200,0x561
0x0460540,0x468A90,CMG03EA.IMG,0x3C9392,0x0831E22,0x2112,0x2200,0x8B6
0x0460540,0x468A90,CMG04EA.IMG,0x3C9C48,0x08326D8,0x2112,0x2200,0x65E
0x0460540,0x468A90,CMG04WA.IMG,0x3CA2A6,0x0832D36,0x2112,0x2200,0x724
0x0460540,0x468A90,CMG04WB.IMG,0x3CA9CA,0x083345A,0x2112,0x2200,0x803
0x0460540,0x468A90,CMG05EA.IMG,0x3CB1CE,0x0833C5E,0x2112,0x2200,0x7DE
0x0460540,0x468A90,CMG05EB.IMG,0x3CB9AC,0x083443C,0x2112,0x2200,0x8E4
0x0460540,0x468A90,CMG06EA.IMG,0x3CC290,0x0834D20,0x2112,0x2200,0x85E
0x0460540,0x468A90,CMG07EA.IMG,0x3CCAEE,0x083557E,0x2112,0x2200,0x91F
0x0460540,0x468A90,CMG08EA.IMG,0x3CD40E,0x0835E9E,0x2112,0x2200,0x942
0x0460540,0x468A90,CMG08EB.IMG,0x3CDD50,0x08367E0,0x2112,0x2200,0x97C
0x0460540,0x468A90,CMG09EA.IMG,0x3CE6CC,0x083715C,0x2112,0x2200,0x741
0x0460540,0x468A90,CMG10EA.IMG,0x3CEE0E,0x083789E,0x2112,0x2200,0xFC4
0x0460540,0x468A90,CMG10EB.IMG,0x3CFDD2,0x0838862,0x2112,0x2200,0xD59
0x0460540,0x468A90,CMG11EA.IMG,0x3D0B2C,0x08395BC,0x2112,0x2200,0xD55
0x0460540,0x468A90,CMG12EA.IMG,0x3D1882,0x083A312,0x2112,0x2200,0xC50
0x0460540,0x468A90,CMG12EB.IMG,0x3D24D2,0x083AF62,0x2112,0x2200,0xA9D
0x0460540,0x468A90,CMG13EA.IMG,0x3D2F70,0x083BA00,0x2112,0x2200,0xE3C
0x0460540,0x468A90,CMG13EB.IMG,0x3D3DAC,0x083C83C,0x2112,0x2200,0xE3C
0x0460540,0x468A90,CMG14EA.IMG,0x3D4BE8,0x083D678,0x2112,0x2200,0xE5C
0x0460540,0x468A90,CMG15EA.IMG,0x3D5A44,0x083E4D4,0x2112,0x2200,0xFFD
0x0460540,0x468A90,CMG15EB.IMG,0x3D6A42,0x083F4D2,0x2112,0x2200,0xFED
0x0460540,0x468A90,CMG15EC.IMG,0x3D7A30,0x08404C0,0x2112,0x2200,0xDF3
0x0460540,0x468A90,CMG30EA.IMG,0x3D8824,0x08412B4,0x2112,0x2200,0x1170
0x0460540,0x468A90,CMG90EA.IMG,0x3D9994,0x0842424,0x2112,0x2200,0x13C9
0x0460540,0x468A90,DES_BIB1.IMG,0x3DAD5E,0x08437EE,0x930,0x2200,0x827
0x0460540,0x468A90,DES_BIB2.IMG,0x3DB586,0x0844016,0x6F0,0x2200,0x5D8
0x0460540,0x468A90,DES_BIB3.IMG,0x3DBB5E,0x08445EE,0x4B0,0x2200,0x4A4
0x0460540,0x468A90,DES_CR1.IMG,0x3DC002,0x0844A92,0x5C8,0x2200,0x2F2
0x0460540,0x468A90,DES_CR2.IMG,0x3DC2F4,0x0844D84,0x5CA,0x2200,0x2E6
0x0460540,0x468A90,DES_CR3.IMG,0x3DC5DA,0x084506A,0x5CA,0x2200,0x2C6
0x0460540,0x468A90,DES_CR4.IMG,0x3DC8A0,0x0845330,0x5C8,0x2200,0x295
0x0460540,0x468A90,DES_CR5.IMG,0x3DCB36,0x08455C6,0x5D0,0x2200,0x2D7
0x0460540,0x468A90,DES_CR6.IMG,0x3DCE0E,0x084589E,0x5D0,0x2200,0x2D2
0x0460540,0x468A90,DES_SC1.IMG,0x3DD0E0,0x0845B70,0x150,0x0000,0x150
0x0460540,0x468A90,DES_SC2.IMG,0x3DD230,0x0845CC0,0x150,0x0000,0x150
0x0460540,0x468A90,DES_SC3.IMG,0x3DD380,0x0845E10,0x150,0x0000,0x150
0x0460540,0x468A90,DES_SC4.IMG,0x3DD4D0,0x0845F60,0x150,0x2200,0x149
0x0460540,0x468A90,DES_SC5.IMG,0x3DD61A,0x08460AA,0x150,0x1100,0x14C
0x0460540,0x468A90,DES_SC6.IMG,0x3DD766,0x08461F6,0x150,0x0000,0x150
0x0460540,0x468A90,TEM_BIB1.IMG,0x3DD8B6,0x0846346,0x930,0x2200,0x827
0x0460540,0x468A90,TEM_BIB2.IMG,0x3DE0DE,0x0846B6E,0x6F0,0x2200,0x5D8
0x0460540,0x468A90,TEM_BIB3.IMG,0x3DE6B6,0x0847146,0x4B0,0x2200,0x4A4
0x0460540,0x468A90,TEM_CR1.IMG,0x3DEB5A,0x08475EA,0x5C8,0x2200,0x2FA
0x0460540,0x468A90,TEM_CR2.IMG,0x3DEE54,0x08478E4,0x5CA,0x2200,0x2E1
0x0460540,0x468A90,TEM_CR3.IMG,0x3DF136,0x0847BC6,0x5CA,0x2200,0x2C9
0x0460540,0x468A90,TEM_CR4.IMG,0x3DF400,0x0847E90,0x5CA,0x2200,0x298
0x0460540,0x468A90,TEM_CR5.IMG,0x3DF698,0x0848128,0x5D0,0x2200,0x2D7
0x0460540,0x468A90,TEM_CR6.IMG,0x3DF970,0x0848400,0x5CA,0x2200,0x2CD
0x0460540,0x468A90,TEM_SC1.IMG,0x3DFC3E,0x08486CE,0x150,0x0000,0x150
0x0460540,0x468A90,TEM_SC2.IMG,0x3DFD8E,0x084881E,0x150,0x2200,0x110
0x0460540,0x468A90,TEM_SC3.IMG,0x3DFE9E,0x084892E,0x150,0x1100,0x146
0x0460540,0x468A90,TEM_SC4.IMG,0x3DFFE4,0x0848A74,0x150,0x2200,0x112
0x0460540,0x468A90,TEM_SC5.IMG,0x3E00F6,0x0848B86,0x150,0x2200,0xE2
0x0460540,0x468A90,TEM_SC6.IMG,0x3E01D8,0x0848C68,0x146,0x2200,0x138
0x0460540,0x468A90,ANY_TI01.IMG,0x3E0310,0x0848DA0,0xDB0,0x2200,0x4B8
0x0460540,0x468A90,ANY_TI02.IMG,0x3E07C8,0x0849258,0xDB0,0x2200,0x44A
0x0460540,0x468A90,ANY_TI03.IMG,0x3E0C12,0x08496A2,0xDB0,0x2200,0x3A9
0x0460540,0x468A90,ANY_TI04.IMG,0x3E0FBC,0x0849A4C,0xDB0,0x2200,0x447
0x0460540,0x468A90,ANY_TI05.IMG,0x3E1404,0x0849E94,0xDB0,0x2200,0x449
0x0460540,0x468A90,ANY_TI06.IMG,0x3E184E,0x084A2DE,0xDB0,0x2200,0x4CB
0x0460540,0x468A90,ANY_TI07.IMG,0x3E1D1A,0x084A7AA,0xDB0,0x2200,0x3E5
0x0460540,0x468A90,ANY_TI08.IMG,0x3E2100,0x084AB90,0xDB0,0x2200,0x425
0x0460540,0x468A90,ANY_TI09.IMG,0x3E2526,0x084AFB6,0xDB0,0x2200,0x373
0x0460540,0x468A90,ANY_TI10.IMG,0x3E289A,0x084B32A,0xDB0,0x2200,0x4B9
0x0460540,0x468A90,ANY_TI11.IMG,0x3E2D54,0x084B7E4,0xDB0,0x2200,0x415
0x0460540,0x468A90,ANY_TI12.IMG,0x3E316A,0x084BBFA,0xDB0,0x2200,0x484
0x0460540,0x468A90,SOLFILES.ENG,0x3E35EE,0x084C07E,0x3D8,0x2200,0x1D4
0x0460540,0x468A90,E1_CRAWL.IMG,0x3E37C2,0x084C252,0x790,0x0000,0x790
0x0460540,0x468A90,E1_CSHOT.IMG,0x3E3F52,0x084C9E2,0x2590,0x0000,0x2590
0x0460540,0x468A90,E1_DETH1.IMG,0x3E64E2,0x084EF72,0x510,0x0000,0x510
0x0460540,0x468A90,E1_DETH2.IMG,0x3E69F2,0x084F482,0x610,0x0000,0x610
0x0460540,0x468A90,E1_FDETH.IMG,0x3E7002,0x084FA92,0x510,0x0000,0x510
0x0460540,0x468A90,E1_IDLE.IMG,0x3E7512,0x084FFA2,0x250,0x0000,0x250
0x0460540,0x468A90,E1_RUN.IMG,0x3E7762,0x08501F2,0xB50,0x0000,0xB50
0x0460540,0x468A90,E1_SHOOT.IMG,0x3E82B2,0x0850D42,0x1910,0x0000,0x1910
0x0460540,0x468A90,E1_STAND.IMG,0x3E9BC2,0x0852652,0x1F0,0x0000,0x1F0
0x0460540,0x468A90,E2_CRAWL.IMG,0x3E9DB2,0x0852842,0x790,0x0000,0x790
0x0460540,0x468A90,E2_CSHOT.IMG,0x3EA542,0x0852FD2,0xF10,0x0000,0xF10
0x0460540,0x468A90,E2_DETH1.IMG,0x3EB452,0x0853EE2,0x410,0x0000,0x410
0x0460540,0x468A90,E2_DETH2.IMG,0x3EB862,0x08542F2,0x610,0x0000,0x610
0x0460540,0x468A90,E2_FDETH.IMG,0x3EBE72,0x0854902,0x610,0x0000,0x610
0x0460540,0x468A90,E2_IDLE.IMG,0x3EC482,0x0854F12,0x310,0x0000,0x310
0x0460540,0x468A90,E2_RUN.IMG,0x3EC792,0x0855222,0x880,0x0000,0x880
0x0460540,0x468A90,E2_SHOOT.IMG,0x3ED012,0x0855AA2,0x1410,0x0000,0x1410
0x0460540,0x468A90,E2_STAND.IMG,0x3EE422,0x0856EB2,0x100,0x0000,0x100
0x0460540,0x468A90,E3_CRAWL.IMG,0x3EE522,0x0856FB2,0xB00,0x0000,0xB00
0x0460540,0x468A90,E3_CSHOT.IMG,0x3EF022,0x0857AB2,0x1E10,0x0000,0x1E10
0x0460540,0x468A90,E3_DETH1.IMG,0x3F0E32,0x08598C2,0x5B0,0x0000,0x5B0
0x0460540,0x468A90,E3_DETH2.IMG,0x3F13E2,0x0859E72,0x7F0,0x0000,0x7F0
0x0460540,0x468A90,E3_FDETH.IMG,0x3F1BD2,0x085A662,0x410,0x0000,0x410
0x0460540,0x468A90,E3_IDLE.IMG,0x3F1FE2,0x085AA72,0x390,0x0000,0x390
0x0460540,0x468A90,E3_RUN.IMG,0x3F2372,0x085AE02,0xD30,0x0000,0xD30
0x0460540,0x468A90,E3_SHOOT.IMG,0x3F30A2,0x085BB32,0x1780,0x0000,0x1780
0x0460540,0x468A90,E3_STAND.IMG,0x3F4822,0x085D2B2,0x178,0x0000,0x178
0x0460540,0x468A90,E4_CRAWL.IMG,0x3F499A,0x085D42A,0x970,0x0000,0x970
0x0460540,0x468A90,E4_CSHOT.IMG,0x3F530A,0x085DD9A,0x204,0x0000,0x204
0x0460540,0x468A90,E4_DETH1.IMG,0x3F550E,0x085DF9E,0x410,0x0000,0x410
0x0460540,0x468A90,E4_DETH2.IMG,0x3F591E,0x085E3AE,0x670,0x0000,0x670
0x0460540,0x468A90,E4_FDETH.IMG,0x3F5F8E,0x085EA1E,0x420,0x0000,0x420
0x0460540,0x468A90,E4_IDLE.IMG,0x3F63AE,0x085EE3E,0x220,0x0000,0x220
0x0460540,0x468A90,E4_RUN.IMG,0x3F65CE,0x085F05E,0xB50,0x0000,0xB50
0x0460540,0x468A90,E4_SHOOT.IMG,0x3F711E,0x085FBAE,0x1C8,0x0000,0x1C8
0x0460540,0x468A90,E4_STAND.IMG,0x3F72E6,0x085FD76,0x15A,0x0000,0x15A
0x0460540,0x468A90,E6_CRAWL.IMG,0x3F7440,0x085FED0,0x790,0x0000,0x790
0x0460540,0x468A90,E6_DETH1.IMG,0x3F7BD0,0x0860660,0x3D0,0x0000,0x3D0
0x0460540,0x468A90,E6_DETH2.IMG,0x3F7FA0,0x0860A30,0x5B0,0x0000,0x5B0
0x0460540,0x468A90,E6_FDETH.IMG,0x3F8550,0x0860FE0,0x550,0x0000,0x550
0x0460540,0x468A90,E6_IDLE.IMG,0x3F8AA0,0x0861530,0x290,0x0000,0x290
0x0460540,0x468A90,E6_RUN.IMG,0x3F8D30,0x08617C0,0x880,0x0000,0x880
0x0460540,0x468A90,E6_STAND.IMG,0x3F95B0,0x0862040,0xEC,0x0000,0xEC
0x0460540,0x468A90,RB_CRAWL.IMG,0x3F969C,0x086212C,0xA38,0x0000,0xA38
0x0460540,0x468A90,RB_CSHOT.IMG,0x3FA0D4,0x0862B64,0x1078,0x0000,0x1078
0x0460540,0x468A90,RB_DETH1.IMG,0x3FB14C,0x0863BDC,0x410,0x0000,0x410
0x0460540,0x468A90,RB_DETH2.IMG,0x3FB55C,0x0863FEC,0x730,0x0000,0x730
0x0460540,0x468A90,RB_FDETH.IMG,0x3FBC8C,0x086471C,0x420,0x0000,0x420
0x0460540,0x468A90,RB_IDLE.IMG,0x3FC0AC,0x0864B3C,0x310,0x0000,0x310
0x0460540,0x468A90,RB_RUN.IMG,0x3FC3BC,0x0864E4C,0x880,0x0000,0x880
0x0460540,0x468A90,RB_SHOOT.IMG,0x3FCC3C,0x08656CC,0xB50,0x0000,0xB50
0x0460540,0x468A90,RB_STAND.IMG,0x3FD78C,0x086621C,0x196,0x0000,0x196
0x0460540,0x468A90,MB_PANIC.IMG,0x3FD922,0x08663B2,0xB50,0x0000,0xB50
0x0460540,0x468A90,MB_DETH1.IMG,0x3FE472,0x0866F02,0x2B0,0x0000,0x2B0
0x0460540,0x468A90,MB_DETH2.IMG,0x3FE722,0x08671B2,0x6F0,0x0000,0x6F0
0x0460540,0x468A90,MB_FDETH.IMG,0x3FEE12,0x08678A2,0x490,0x0000,0x490
0x0460540,0x468A90,MB_IDLE.IMG,0x3FF2A2,0x0867D32,0x70,0x0000,0x70
0x0460540,0x468A90,MB_RUN.IMG,0x3FF312,0x0867DA2,0xA9C,0x0000,0xA9C
0x0460540,0x468A90,MB_STAND.IMG,0x3FFDAE,0x086883E,0x100,0x0000,0x100
0x0460540,0x468A90,DP_CRAWL.IMG,0x3FFEAE,0x086893E,0x934,0x0000,0x934
0x0460540,0x468A90,DP_DETH1.IMG,0x4007E2,0x0869272,0x350,0x0000,0x350
0x0460540,0x468A90,DP_DETH2.IMG,0x400B32,0x08695C2,0x610,0x0000,0x610
0x0460540,0x468A90,DP_FDETH.IMG,0x401142,0x0869BD2,0x600,0x0000,0x600
0x0460540,0x468A90,DP_IDLE.IMG,0x401742,0x086A1D2,0x60,0x0000,0x60
0x0460540,0x468A90,DP_RUN.IMG,0x4017A2,0x086A232,0x880,0x0000,0x880
0x0460540,0x468A90,DP_SHOOT.IMG,0x402022,0x086AAB2,0xBF0,0x0000,0xBF0
0x0460540,0x468A90,DP_STAND.IMG,0x402C12,0x086B6A2,0xD8,0x0000,0xD8
0x0460540,0x468A90,CAM_ATOM.IMG,0x402CEA,0x086B77A,0x530,0x0000,0x530
0x0460540,0x468A90,CAM_ION.IMG,0x40321A,0x086BCAA,0x4BA,0x0000,0x4BA
0x0460540,0x468A90,CAM_AFLD.IMG,0x4036D4,0x086C164,0x502,0x0000,0x502
0x0460540,0x468A90,CAM_APC.IMG,0x403BD6,0x086C666,0x4C4,0x0000,0x4C4
0x0460540,0x468A90,CAM_ARTY.IMG,0x40409A,0x086CB2A,0x4B4,0x0000,0x4B4
0x0460540,0x468A90,CAM_ATWR.IMG,0x40454E,0x086CFDE,0x4AA,0x0000,0x4AA
0x0460540,0x468A90,CAM_BGGY.IMG,0x4049F8,0x086D488,0x498,0x0000,0x498
0x0460540,0x468A90,CAM_BIKE.IMG,0x404E90,0x086D920,0x4CE,0x0000,0x4CE
0x0460540,0x468A90,CAM_BLNK.IMG,0x40535E,0x086DDEE,0x650,0x0000,0x650
0x0460540,0x468A90,CAM_BOMB.IMG,0x4059AE,0x086E43E,0x4C6,0x0000,0x4C6
0x0460540,0x468A90,CAM_BRIK.IMG,0x405E74,0x086E904,0x42A,0x0000,0x42A
0x0460540,0x468A90,CAM_CONC.IMG,0x40629E,0x086ED2E,0x42A,0x0000,0x42A
0x0460540,0x468A90,CAM_CYCL.IMG,0x4066C8,0x086F158,0x45A,0x0000,0x45A
0x0460540,0x468A90,CAM_E1.IMG,0x406B22,0x086F5B2,0x510,0x0000,0x510
0x0460540,0x468A90,CAM_E2.IMG,0x407032,0x086FAC2,0x530,0x0000,0x530
0x0460540,0x468A90,CAM_E3.IMG,0x407562,0x086FFF2,0x50E,0x0000,0x50E
0x0460540,0x468A90,CAM_E4.IMG,0x407A70,0x0870500,0x530,0x0000,0x530
0x0460540,0x468A90,CAM_E5.IMG,0x407FA0,0x0870A30,0x530,0x0000,0x530
0x0460540,0x468A90,CAM_E6.IMG,0x4084D0,0x0870F60,0x52A,0x0000,0x52A
0x0460540,0x468A90,CAM_EYE.IMG,0x4089FA,0x087148A,0x4FC,0x0000,0x4FC
0x0460540,0x468A90,CAM_FACT.IMG,0x408EF6,0x0871986,0x530,0x0000,0x530
0x0460540,0x468A90,CAM_FIX.IMG,0x409426,0x0871EB6,0x4E4,0x0000,0x4E4
0x0460540,0x468A90,CAM_FTNK.IMG,0x40990A,0x087239A,0x4EE,0x0000,0x4EE
0x0460540,0x468A90,CAM_GTWR.IMG,0x409DF8,0x0872888,0x4DE,0x0000,0x4DE
0x0460540,0x468A90,CAM_GUN.IMG,0x40A2D6,0x0872D66,0x4F4,0x0000,0x4F4
0x0460540,0x468A90,CAM_HAND.IMG,0x40A7CA,0x087325A,0x488,0x0000,0x488
0x0460540,0x468A90,CAM_HARV.IMG,0x40AC52,0x08736E2,0x4CC,0x0000,0x4CC
0x0460540,0x468A90,CAM_HELI.IMG,0x40B11E,0x0873BAE,0x442,0x0000,0x442
0x0460540,0x468A90,CAMHELI2.IMG,0x40B560,0x0873FF0,0x41A,0x0000,0x41A
0x0460540,0x468A90,CAM_HPAD.IMG,0x40B97A,0x087440A,0x496,0x0000,0x496
0x0460540,0x468A90,CAM_HQ.IMG,0x40BE10,0x08748A0,0x4EA,0x0000,0x4EA
0x0460540,0x468A90,CAM_HTNK.IMG,0x40C2FA,0x0874D8A,0x510,0x0000,0x510
0x0460540,0x468A90,CAM_JEEP.IMG,0x40C80A,0x087529A,0x4DC,0x0000,0x4DC
0x0460540,0x468A90,CAM_LTNK.IMG,0x40CCE6,0x0875776,0x500,0x0000,0x500
0x0460540,0x468A90,CAM_MCV.IMG,0x40D1E6,0x0875C76,0x524,0x0000,0x524
0x0460540,0x468A90,CAM_MLRS.IMG,0x40D70A,0x087619A,0x530,0x0000,0x530
0x0460540,0x468A90,CAM_MTNK.IMG,0x40DC3A,0x08766CA,0x4E8,0x0000,0x4E8
0x0460540,0x468A90,CAM_NUK2.IMG,0x40E122,0x0876BB2,0x530,0x0000,0x530
0x0460540,0x468A90,CAM_NUKE.IMG,0x40E652,0x08770E2,0x50E,0x0000,0x50E
0x0460540,0x468A90,CAM_OBLI.IMG,0x40EB60,0x08775F0,0x530,0x0000,0x530
0x0460540,0x468A90,CAM_ORCA.IMG,0x40F090,0x0877B20,0x4C6,0x0000,0x4C6
0x0460540,0x468A90,CAM_PROC.IMG,0x40F556,0x0877FE6,0x4FA,0x0000,0x4FA
0x0460540,0x468A90,CAM_PYLE.IMG,0x40FA50,0x08784E0,0x4E0,0x0000,0x4E0
0x0460540,0x468A90,CAM_RMBO.IMG,0x40FF30,0x08789C0,0x4F8,0x0000,0x4F8
0x0460540,0x468A90,CAM_SAM.IMG,0x410428,0x0878EB8,0x4B6,0x0000,0x4B6
0x0460540,0x468A90,CAM_SBAG.IMG,0x4108DE,0x087936E,0x43C,0x0000,0x43C
0x0460540,0x468A90,CAM_SILO.IMG,0x410D1A,0x08797AA,0x508,0x0000,0x508
0x0460540,0x468A90,CAM_SSM.IMG,0x411222,0x0879CB2,0x1C0,0x0000,0x1C0
0x0460540,0x468A90,CAM_STNK.IMG,0x4113E2,0x0879E72,0x4B4,0x0000,0x4B4
0x0460540,0x468A90,CAM_TMPL.IMG,0x411896,0x087A326,0x508,0x0000,0x508
0x0460540,0x468A90,CAM_TRAN.IMG,0x411D9E,0x087A82E,0x462,0x0000,0x462
0x0460540,0x468A90,CAM_WEAP.IMG,0x412200,0x087AC90,0x4D8,0x0000,0x4D8
0x0460540,0x468A90,CAM_MSAM.IMG,0x4126D8,0x087B168,0x530,0x0000,0x530
0x0460540,0x468A90,CAM_SLCT.IMG,0x412C08,0x087B698,0x43C,0x0000,0x43C
0x0460540,0x468A90,PIP_BLUE.IMG,0x413044,0x087BAD4,0x30,0x0000,0x30
0x0460540,0x468A90,PIP_GRN.IMG,0x413074,0x087BB04,0x208,0x0000,0x208
0x0460540,0x468A90,PIP_HOLD.IMG,0x41327C,0x087BD0C,0x190,0x0000,0x190
0x0460540,0x468A90,PIP_LBLU.IMG,0x41340C,0x087BE9C,0x208,0x0000,0x208
0x0460540,0x468A90,PIP_LBL2.IMG,0x413614,0x087C0A4,0x0,0x0000,0x0
0x0460540,0x468A90,PIP_REDY.IMG,0x413614,0x087C0A4,0x190,0x0000,0x190
0x0460540,0x468A90,PIP_RED.IMG,0x4137A4,0x087C234,0x10,0x0000,0x10
0x0460540,0x468A90,PIP_YELO.IMG,0x4137B4,0x087C244,0x30,0x0000,0x30
0x0460540,0x468A90,PIPGMRDY.IMG,0x4137E4,0x087C274,0x190,0x0000,0x190
0x0460540,0x468A90,PIPGMHLD.IMG,0x413974,0x087C404,0x190,0x0000,0x190
0x0460540,0x468A90,PIPFRRDY.IMG,0x413B04,0x087C594,0x190,0x0000,0x190
0x0460540,0x468A90,PIPFRHLD.IMG,0x413C94,0x087C724,0x190,0x0000,0x190
0x0460540,0x468A90,BRACKETS.IMG,0x413E24,0x087C8B4,0x290,0x0000,0x290
0x0460540,0x468A90,SBARFONT.IMG,0x4140B4,0x087CB44,0x3AD0,0x0000,0x3AD0
0x0460540,0x468A90,GDI_BOT1.IMG,0x417B84,0x0880614,0x6C0,0x0000,0x6C0
0x0460540,0x468A90,GDI_BOT2.IMG,0x418244,0x0880CD4,0x210,0x0000,0x210
0x0460540,0x468A90,GDI_BOT3.IMG,0x418454,0x0880EE4,0x23E,0x0000,0x23E
0x0460540,0x468A90,GLOGOTP.IMG,0x418692,0x0881122,0x1EEE,0x0000,0x1EEE
0x0460540,0x468A90,GRADARTP.IMG,0x41A580,0x0883010,0x1D0C,0x0000,0x1D0C
0x0460540,0x468A90,NLOGOTP.IMG,0x41C28C,0x0884D1C,0x1EF0,0x0000,0x1EF0
0x0460540,0x468A90,NOD_BOT1.IMG,0x41E17C,0x0886C0C,0x6C0,0x0000,0x6C0
0x0460540,0x468A90,NOD_BOT2.IMG,0x41E83C,0x08872CC,0x20E,0x0000,0x20E
0x0460540,0x468A90,NOD_BOT3.IMG,0x41EA4A,0x08874DA,0x240,0x0000,0x240
0x0460540,0x468A90,NRADARTP.IMG,0x41EC8A,0x088771A,0x1D10,0x0000,0x1D10
0x0460540,0x468A90,CAMATOM2.IMG,0x42099A,0x088942A,0x530,0x0000,0x530
0x0460540,0x468A90,CAMION2.IMG,0x420ECA,0x088995A,0x4BA,0x0000,0x4BA
0x0460540,0x468A90,CAMAFLD2.IMG,0x421384,0x0889E14,0x4D6,0x0000,0x4D6
0x0460540,0x468A90,CAMAPC2.IMG,0x42185A,0x088A2EA,0x482,0x0000,0x482
0x0460540,0x468A90,CAMARTY2.IMG,0x421CDC,0x088A76C,0x460,0x0000,0x460
0x0460540,0x468A90,CAMATWR2.IMG,0x42213C,0x088ABCC,0x508,0x0000,0x508
0x0460540,0x468A90,CAMBGGY2.IMG,0x422644,0x088B0D4,0x462,0x0000,0x462
0x0460540,0x468A90,CAMBIKE2.IMG,0x422AA6,0x088B536,0x474,0x0000,0x474
0x0460540,0x468A90,CAMBOMB2.IMG,0x422F1A,0x088B9AA,0x486,0x0000,0x486
0x0460540,0x468A90,CAMBRIK2.IMG,0x4233A0,0x088BE30,0x42A,0x0000,0x42A
0x0460540,0x468A90,CAMCONC2.IMG,0x4237CA,0x088C25A,0x42A,0x0000,0x42A
0x0460540,0x468A90,CAMCYCL2.IMG,0x423BF4,0x088C684,0x45A,0x0000,0x45A
0x0460540,0x468A90,CAME12.IMG,0x42404E,0x088CADE,0x4C4,0x0000,0x4C4
0x0460540,0x468A90,CAME22.IMG,0x424512,0x088CFA2,0x530,0x0000,0x530
0x0460540,0x468A90,CAME32.IMG,0x424A42,0x088D4D2,0x4F6,0x0000,0x4F6
0x0460540,0x468A90,CAME42.IMG,0x424F38,0x088D9C8,0x510,0x0000,0x510
0x0460540,0x468A90,CAME52.IMG,0x425448,0x088DED8,0x530,0x0000,0x530
0x0460540,0x468A90,CAME62.IMG,0x425978,0x088E408,0x4D4,0x0000,0x4D4
0x0460540,0x468A90,CAMEYE2.IMG,0x425E4C,0x088E8DC,0x4CA,0x0000,0x4CA
0x0460540,0x468A90,CAMFIX2.IMG,0x426316,0x088EDA6,0x4DE,0x0000,0x4DE
0x0460540,0x468A90,CAMFTNK2.IMG,0x4267F4,0x088F284,0x474,0x0000,0x474
0x0460540,0x468A90,CAMGTWR2.IMG,0x426C68,0x088F6F8,0x530,0x0000,0x530
0x0460540,0x468A90,CAMGUN2.IMG,0x427198,0x088FC28,0x44A,0x0000,0x44A
0x0460540,0x468A90,CAMHAND2.IMG,0x4275E2,0x0890072,0x48E,0x0000,0x48E
0x0460540,0x468A90,CAMHARV2.IMG,0x427A70,0x0890500,0x4A6,0x0000,0x4A6
0x0460540,0x468A90,CAMHPAD2.IMG,0x427F16,0x08909A6,0x488,0x0000,0x488
0x0460540,0x468A90,CAMHQ2.IMG,0x42839E,0x0890E2E,0x4EA,0x0000,0x4EA
0x0460540,0x468A90,CAMHTNK2.IMG,0x428888,0x0891318,0x462,0x0000,0x462
0x0460540,0x468A90,CAMJEEP2.IMG,0x428CEA,0x089177A,0x492,0x0000,0x492
0x0460540,0x468A90,CAMLTNK2.IMG,0x42917C,0x0891C0C,0x470,0x0000,0x470
0x0460540,0x468A90,CAMMCV2.IMG,0x4295EC,0x089207C,0x4E6,0x0000,0x4E6
0x0460540,0x468A90,CAMMLRS2.IMG,0x429AD2,0x0892562,0x530,0x0000,0x530
0x0460540,0x468A90,CAMMTNK2.IMG,0x42A002,0x0892A92,0x468,0x0000,0x468
0x0460540,0x468A90,CAMNUK22.IMG,0x42A46A,0x0892EFA,0x530,0x0000,0x530
0x0460540,0x468A90,CAMNUKE2.IMG,0x42A99A,0x089342A,0x4DE,0x0000,0x4DE
0x0460540,0x468A90,CAMOBLI2.IMG,0x42AE78,0x0893908,0x530,0x0000,0x530
0x0460540,0x468A90,CAMORCA2.IMG,0x42B3A8,0x0893E38,0x4DE,0x0000,0x4DE
0x0460540,0x468A90,CAMPROC2.IMG,0x42B886,0x0894316,0x530,0x0000,0x530
0x0460540,0x468A90,CAMPYLE2.IMG,0x42BDB6,0x0894846,0x480,0x0000,0x480
0x0460540,0x468A90,CAMSAM2.IMG,0x42C236,0x0894CC6,0x470,0x0000,0x470
0x0460540,0x468A90,CAMSBAG2.IMG,0x42C6A6,0x0895136,0x43C,0x0000,0x43C
0x0460540,0x468A90,CAMSILO2.IMG,0x42CAE2,0x0895572,0x530,0x0000,0x530
0x0460540,0x468A90,CAMSTNK2.IMG,0x42D012,0x0895AA2,0x472,0x0000,0x472
0x0460540,0x468A90,CAMTMPL2.IMG,0x42D484,0x0895F14,0x50A,0x0000,0x50A
0x0460540,0x468A90,CAMTRAN2.IMG,0x42D98E,0x089641E,0x430,0x0000,0x430
0x0460540,0x468A90,CAMWEAP2.IMG,0x42DDBE,0x089684E,0x4D4,0x0000,0x4D4
0x0460540,0x468A90,CAMMSAM2.IMG,0x42E292,0x0896D22,0x530,0x0000,0x530
0x0460540,0x468A90,CAMMSAM2.IMG,0x42E7C2,0x0897252,0x530,0x0000,0x530
0x0460540,0x468A90,NINTENDO.IMG,0x42ECF2,0x0897782,0x25810,0x2200,0x5A40
0x0460540,0x468A90,WESTWOOD.IMG,0x434732,0x089D1C2,0x7610,0x2200,0x230D
0x0460540,0x468A90,LGLASS.IMG,0x436A40,0x089F4D0,0xC4F0,0x2200,0x6694
0x0460540,0x468A90,MACCOMP.IMG,0x43D0D4,0x08A5B64,0x52E0,0x2200,0x2502
0x0460540,0x468A90,MFAILED.IMG,0x43F5D6,0x08A8066,0x52E0,0x2200,0x1A8B
0x0460540,0x468A90,MACCGERM.IMG,0x441062,0x08A9AF2,0x52E0,0x2200,0x1C5C
0x0460540,0x468A90,MFAILGER.IMG,0x442CBE,0x08AB74E,0x52E0,0x2200,0x234C
0x0460540,0x468A90,MACCFRCH.IMG,0x44500A,0x08ADA9A,0x52E0,0x2200,0x20DB
0x0460540,0x468A90,MFAILFRC.IMG,0x4470E6,0x08AFB76,0x52E0,0x2200,0x1E82
0x0460540,0x468A90,SCREEN.IMG,0x448F68,0x08B19F8,0x12E10,0x2200,0x3A4E
0x0460540,0x468A90,FSCREEN.IMG,0x44C9B6,0x08B5446,0x12E10,0x2200,0x3EFE
0x0460540,0x468A90,SCORE_BG.IMG,0x4508B4,0x08B9344,0x9616,0x2200,0x1460
0x0460540,0x468A90,GOLDBAR.IMG,0x451D14,0x08BA7A4,0x26A,0x1100,0x65
0x0460540,0x468A90,REDBAR.IMG,0x451D7A,0x08BA80A,0x26A,0x1100,0x65
0x0460540,0x468A90,DIE01.IMG,0x451DE0,0x08BA870,0xA4,0x2200,0x6A
0x0460540,0x468A90,DIE02.IMG,0x451E4A,0x08BA8DA,0xA2,0x2200,0x6D
0x0460540,0x468A90,DIE03.IMG,0x451EB8,0x08BA948,0xA6,0x2200,0x6B
0x0460540,0x468A90,DIE04.IMG,0x451F24,0x08BA9B4,0xA4,0x2200,0x70
0x0460540,0x468A90,DIE05.IMG,0x451F94,0x08BAA24,0xA8,0x2200,0x5D
0x0460540,0x468A90,DIE06.IMG,0x451FF2,0x08BAA82,0xA0,0x2200,0x4E
0x0460540,0x468A90,NODDIE01.IMG,0x452040,0x08BAAD0,0xA4,0x2200,0x6A
0x0460540,0x468A90,NODDIE02.IMG,0x4520AA,0x08BAB3A,0xA2,0x2200,0x6E
0x0460540,0x468A90,NODDIE03.IMG,0x452118,0x08BABA8,0xA4,0x2200,0x69
0x0460540,0x468A90,NODDIE04.IMG,0x452182,0x08BAC12,0xA4,0x2200,0x70
0x0460540,0x468A90,NODDIE05.IMG,0x4521F2,0x08BAC82,0xA6,0x2200,0x5B
0x0460540,0x468A90,NODDIE06.IMG,0x45224E,0x08BACDE,0xA0,0x2200,0x4E
0x0460540,0x468A90,CYARD1.IMG,0x45229C,0x08BAD2C,0x3350,0x2200,0xC84
0x0460540,0x468A90,CYARD2.IMG,0x452F20,0x08BB9B0,0x3350,0x2200,0xCAB
0x0460540,0x468A90,CYARD3.IMG,0x453BCC,0x08BC65C,0x3350,0x2200,0xDFA
0x0460540,0x468A90,CYARD4.IMG,0x4549C6,0x08BD456,0x3350,0x2200,0xE05
0x0460540,0x468A90,CYARD5.IMG,0x4557CC,0x08BE25C,0x3350,0x2200,0xE10
0x0460540,0x468A90,CYARD6.IMG,0x4565DC,0x08BF06C,0x3350,0x2200,0x134B
0x0460540,0x468A90,CYARD7.IMG,0x457928,0x08C03B8,0x3350,0x2200,0x11D3
0x0460540,0x468A90,CYARD8.IMG,0x458AFC,0x08C158C,0x3350,0x2200,0x1127
0x0460540,0x468A90,CYARD9.IMG,0x459C24,0x08C26B4,0x3350,0x2200,0x1041
0x0460540,0x468A90,CYARD10.IMG,0x45AC66,0x08C36F6,0x3350,0x2200,0xFBE
0x0460540,0x468A90,CYARD11.IMG,0x45BC24,0x08C46B4,0x3350,0x2200,0xDDB
0x0460540,0x468A90,CYARD12.IMG,0x45CA00,0x08C5490,0x3350,0x2200,0xCB1
0x0460540,0x468A90,CYARD13.IMG,0x45D6B2,0x08C6142,0x3350,0x2200,0xCE3
0x0460540,0x468A90,CYARD14.IMG,0x45E396,0x08C6E26,0x3350,0x2200,0xCAD
0x0460540,0x468A90,CYARD15.IMG,0x45F044,0x08C7AD4,0x3350,0x2200,0xC11
0x0460540,0x468A90,CYARD16.IMG,0x45FC56,0x08C86E6,0x3350,0x2200,0xB45
0x0460540,0x468A90,CYARD17.IMG,0x46079C,0x08C922C,0x3350,0x2200,0xA79
0x0460540,0x468A90,CYARD18.IMG,0x461216,0x08C9CA6,0x3350,0x2200,0x958
0x0460540,0x468A90,CYARD19.IMG,0x461B6E,0x08CA5FE,0x3350,0x2200,0x86D
0x0460540,0x468A90,CYARD20.IMG,0x4623DC,0x08CAE6C,0x3350,0x2200,0x759
0x0460540,0x468A90,CYARD21.IMG,0x462B36,0x08CB5C6,0x3350,0x2200,0x6C1
0x0460540,0x468A90,CYARD22.IMG,0x4631F8,0x08CBC88,0x3350,0x2200,0x66B
0x0460540,0x468A90,CYARD23.IMG,0x463864,0x08CC2F4,0x3350,0x2200,0x653
0x0460540,0x468A90,CYARD24.IMG,0x463EB8,0x08CC948,0x3350,0x2200,0x640
0x0460540,0x468A90,CYARD25.IMG,0x4644F8,0x08CCF88,0x3350,0x2200,0x62E
0x0460540,0x468A90,CRED01.IMG,0x464B26,0x08CD5B6,0x5B8,0x2200,0x3BD
0x0460540,0x468A90,CRED02.IMG,0x464EE4,0x08CD974,0x5B8,0x2200,0x3E1
0x0460540,0x468A90,CRED03.IMG,0x4652C6,0x08CDD56,0x5B8,0x2200,0x3F0
0x0460540,0x468A90,CRED04.IMG,0x4656B6,0x08CE146,0x5B8,0x2200,0x3F7
0x0460540,0x468A90,CRED05.IMG,0x465AAE,0x08CE53E,0x5B8,0x2200,0x403
0x0460540,0x468A90,CRED06.IMG,0x465EB2,0x08CE942,0x5B8,0x2200,0x406
0x0460540,0x468A90,CRED07.IMG,0x4662B8,0x08CED48,0x5B8,0x2200,0x3FF
0x0460540,0x468A90,CRED08.IMG,0x4666B8,0x08CF148,0x5B8,0x2200,0x3F2
0x0460540,0x468A90,CRED09.IMG,0x466AAA,0x08CF53A,0x5B8,0x2200,0x3F8
0x0460540,0x468A90,CRED10.IMG,0x466EA2,0x08CF932,0x5B8,0x2200,0x3F6
0x0460540,0x468A90,CRED11.IMG,0x467298,0x08CFD28,0x5B8,0x2200,0x3EC
0x0460540,0x468A90,CRED12.IMG,0x467684,0x08D0114,0x5B8,0x2200,0x3EB
0x0460540,0x468A90,CRED13.IMG,0x467A70,0x08D0500,0x5B8,0x2200,0x3E7
0x0460540,0x468A90,CRED14.IMG,0x467E58,0x08D08E8,0x5B8,0x2200,0x3DC
0x0460540,0x468A90,CRED15.IMG,0x468234,0x08D0CC4,0x5B8,0x2200,0x3EA
0x0460540,0x468A90,CRED16.IMG,0x46861E,0x08D10AE,0x5B8,0x2200,0x3E3
0x0460540,0x468A90,CRED17.IMG,0x468A02,0x08D1492,0x5B8,0x2200,0x3E8
0x0460540,0x468A90,CRED18.IMG,0x468DEA,0x08D187A,0x5B8,0x2200,0x3EB
0x0460540,0x468A90,CRED19.IMG,0x4691D6,0x08D1C66,0x5B8,0x2200,0x3E1
0x0460540,0x468A90,CRED20.IMG,0x4695B8,0x08D2048,0x5B8,0x2200,0x3EC
0x0460540,0x468A90,CRED21.IMG,0x4699A4,0x08D2434,0x5C6,0x2200,0x3E1
0x0460540,0x468A90,CRED22.IMG,0x469D86,0x08D2816,0x5B8,0x2200,0x3A8
0x0460540,0x468A90,CRED23.IMG,0x46A12E,0x08D2BBE,0x5C6,0x2200,0x3E1
0x0460540,0x468A90,CRED24.IMG,0x46A510,0x08D2FA0,0x5B8,0x2200,0x3DE
0x0460540,0x468A90,CRED25.IMG,0x46A8EE,0x08D337E,0x5B8,0x2200,0x3CC
0x0460540,0x468A90,CRED26.IMG,0x46ACBA,0x08D374A,0x5B8,0x2200,0x3C5
0x0460540,0x468A90,CRED27.IMG,0x46B080,0x08D3B10,0x5B8,0x2200,0x3C2
0x0460540,0x468A90,CRED28.IMG,0x46B442,0x08D3ED2,0x5B8,0x2200,0x3BF
0x0460540,0x468A90,CRED29.IMG,0x46B802,0x08D4292,0x5B8,0x2200,0x3C5
0x0460540,0x468A90,CRED30.IMG,0x46BBC8,0x08D4658,0x5B8,0x2200,0x3C3
0x0460540,0x468A90,CRED31.IMG,0x46BF8C,0x08D4A1C,0x5B8,0x2200,0x3BD
0x0460540,0x468A90,CRED32.IMG,0x46C34A,0x08D4DDA,0x5B8,0x2200,0x3BE
0x0460540,0x468A90,CRED33.IMG,0x46C708,0x08D5198,0x5B8,0x2200,0x3B9
0x0460540,0x468A90,EURO.IMG,0x46CAC2,0x08D5552,0x12E10,0x2200,0x2E08
0x0460540,0x468A90,ETEXBWA.IMG,0x46F8CA,0x08D835A,0x9626,0x2200,0x3810
0x0460540,0x468A90,BOSNIA.IMG,0x4730DA,0x08DBB6A,0x12CDE,0x2200,0x5F55
0x0460540,0x468A90,AFRICA.IMG,0x479030,0x08E1AC0,0x12E10,0x2200,0x2C11
0x0460540,0x468A90,AFRICATX.IMG,0x47BC42,0x08E46D2,0x962E,0x2200,0x2FA8
0x0460540,0x468A90,SAFRICA.IMG,0x47EBEA,0x08E767A,0x12CEC,0x2200,0x528A
0x0460540,0x468A90,YELLOBOX.IMG,0x483E74,0x08EC904,0x54,0x1100,0x2B
0x0460540,0x468A90,BOS_BG.IMG,0x483EA0,0x08EC930,0x9622,0x2200,0x1426
0x0460540,0x468A90,SAF_BG.IMG,0x4852C6,0x08EDD56,0x9622,0x2200,0x1420
0x0460540,0x468A90,HORIZ.IMG,0x4866E6,0x08EF176,0x126,0x1100,0x48
0x0460540,0x468A90,VERT.IMG,0x48672E,0x08EF1BE,0x456,0x2200,0xA6
0x0460540,0x468A90,LODSCRN.IMG,0x4867D4,0x08EF264,0x25810,0x2200,0x5ACC
0x0460540,0x468A90,GDIBOX.IMG,0x48C2A0,0x08F4D30,0xA290,0x2200,0x1FFB
0x0460540,0x468A90,NODBOX.IMG,0x48E29C,0x08F6D2C,0xA290,0x2200,0x202B
0x0460540,0x468A90,BIGFRAM2.IMG,0x4902C8,0x08F8D58,0x44D0,0x2200,0xA06
0x0460540,0x468A90,SMLFRM0.IMG,0x490CCE,0x08F975E,0x3410,0x2200,0x795
0x0460540,0x468A90,SMLFRM1.IMG,0x491464,0x08F9EF4,0x3410,0x2200,0x886
0x0460540,0x468A90,SMLFRM1A.IMG,0x491CEA,0x08FA77A,0x3410,0x2200,0x88C
0x0460540,0x468A90,SMLFRM1B.IMG,0x492576,0x08FB006,0x3410,0x2200,0x8E7
0x0460540,0x468A90,SMLFRM2.IMG,0x492E5E,0x08FB8EE,0x3410,0x2200,0x897
0x0460540,0x468A90,SMLFRM2A.IMG,0x4936F6,0x08FC186,0x3410,0x2200,0x889
0x0460540,0x468A90,SMLFRM2B.IMG,0x493F80,0x08FCA10,0x3410,0x2200,0x8FE
0x0460540,0x468A90,SMLFRM3.IMG,0x49487E,0x08FD30E,0x3410,0x2200,0x938
0x0460540,0x468A90,SMLFRM3A.IMG,0x4951B6,0x08FDC46,0x3410,0x2200,0x95A
0x0460540,0x468A90,SMLFRM3B.IMG,0x495B10,0x08FE5A0,0x3410,0x2200,0x9F2
0x0460540,0x468A90,BIGAROW0.IMG,0x496502,0x08FEF92,0xAF0,0x2200,0x387
0x0460540,0x468A90,BIGAROW1.IMG,0x49688A,0x08FF31A,0xAF0,0x2200,0x38E
0x0460540,0x468A90,BIGAROW2.IMG,0x496C18,0x08FF6A8,0xAF0,0x2200,0x3A4
0x0460540,0x468A90,BIGAROW3.IMG,0x496FBC,0x08FFA4C,0xAF0,0x2200,0x3D3
0x0460540,0x468A90,BIGAROW4.IMG,0x497390,0x08FFE20,0xAF0,0x2200,0x3F7
0x0460540,0x468A90,BIGAROW5.IMG,0x497788,0x0900218,0xAF0,0x2200,0x400
0x0460540,0x468A90,BIGARRD0.IMG,0x497B88,0x0900618,0xAF0,0x2200,0x38D
0x0460540,0x468A90,BIGARRD1.IMG,0x497F16,0x09009A6,0xAF0,0x2200,0x38C
0x0460540,0x468A90,BIGARRD2.IMG,0x4982A2,0x0900D32,0xAF0,0x2200,0x39F
0x0460540,0x468A90,BIGARRD3.IMG,0x498642,0x09010D2,0xAF0,0x2200,0x3C4
0x0460540,0x468A90,BIGARRD4.IMG,0x498A06,0x0901496,0xAF0,0x2200,0x3EF
0x0460540,0x468A90,BIGARRD5.IMG,0x498DF6,0x0901886,0xAF0,0x2200,0x3F6
0x0460540,0x468A90,BUTTON_Z.IMG,0x4991EC,0x0901C7C,0x850,0x2200,0x308
0x0460540,0x468A90,BUT_A.IMG,0x4994F4,0x0901F84,0x850,0x2200,0x52C
0x0460540,0x468A90,BUT_B.IMG,0x499A20,0x09024B0,0x850,0x2200,0x45C
0x0460540,0x468A90,BUT_C.IMG,0x499E7C,0x090290C,0x850,0x2200,0x51A
0x0460540,0x468A90,TXTBRDR.IMG,0x49A396,0x0902E26,0x1A30,0x2200,0x3A0
0x0460540,0x468A90,GDI.IMG,0x49A736,0x09031C6,0xBB90,0x2200,0x495C
0x0460540,0x468A90,NOD.IMG,0x49F092,0x0907B22,0xBB90,0x2200,0x452A
0x0460540,0x468A90,ARROW.IMG,0x4A35BC,0x090C04C,0x2910,0x2200,0xA61
0x0460540,0x468A90,SEL_MENU.IMG,0x4A401E,0x090CAAE,0x6FA0,0x2200,0x12B1
0x0460540,0x468A90,MAINMENU.IMG,0x4A52D0,0x090DD60,0x12E10,0x2200,0x4966
0x0460540,0x468A90,EVAGRID.IMG,0x4A9C36,0x09126C6,0x25810,0x2200,0x686B
0x0460540,0x468A90,TITLE.IMG,0x4B04A2,0x0918F32,0x12E10,0x2200,0x4A22
0x0460540,0x468A90,LEFTHALF.IMG,0x4B4EC4,0x091D954,0xC510,0x2200,0x7B27
0x0460540,0x468A90,RTHALF.IMG,0x4BC9EC,0x092547C,0xC510,0x2200,0x812F
0x0460540,0x468A90,OPTIONBG.IMG,0x4C4B1C,0x092D5AC,0x9620,0x2200,0x14EA
0x0460540,0x468A90,EFFECTS0.IMG,0x4C6006,0x092EA96,0x970,0x2200,0x41E
0x0460540,0x468A90,EFFECTS1.IMG,0x4C6424,0x092EEB4,0x970,0x2200,0x260
0x0460540,0x468A90,EFFECTS2.IMG,0x4C6684,0x092F114,0x970,0x2200,0x26B
0x0460540,0x468A90,EFFECTS3.IMG,0x4C68F0,0x092F380,0x970,0x2200,0x269
0x0460540,0x468A90,MUSIC0.IMG,0x4C6B5A,0x092F5EA,0xB50,0x2200,0x3DD
0x0460540,0x468A90,MUSIC1.IMG,0x4C6F38,0x092F9C8,0xB50,0x2200,0x1C2
0x0460540,0x468A90,MUSIC2.IMG,0x4C70FA,0x092FB8A,0xB50,0x2200,0x1D1
0x0460540,0x468A90,MUSIC3.IMG,0x4C72CC,0x092FD5C,0xB50,0x2200,0x1ED
0x0460540,0x468A90,TEXTYES.IMG,0x4C74BA,0x092FF4A,0x970,0x2200,0x249
0x0460540,0x468A90,TEXTNO.IMG,0x4C7704,0x0930194,0x970,0x2200,0x413
0x0460540,0x468A90,CRSPEED2.IMG,0x4C7B18,0x09305A8,0x970,0x2200,0x224
0x0460540,0x468A90,CRSPEED1.IMG,0x4C7D3C,0x09307CC,0x970,0x2200,0x1C3
0x0460540,0x468A90,CRSPEED3.IMG,0x4C7F00,0x0930990,0x970,0x2200,0x28D
0x0460540,0x468A90,ABORT1.IMG,0x4C818E,0x0930C1E,0x970,0x2200,0x3BE
0x0460540,0x468A90,ABORT2.IMG,0x4C854C,0x0930FDC,0x970,0x2200,0x3AF
0x0460540,0x468A90,CNTRLR1.IMG,0x4C88FC,0x093138C,0x970,0x2200,0x3AA
0x0460540,0x468A90,CNTRLR2.IMG,0x4C8CA6,0x0931736,0x970,0x2200,0x440
0x0460540,0x468A90,CNTRLR3.IMG,0x4C90E6,0x0931B76,0x970,0x2200,0x39D
0x0460540,0x468A90,RESTART1.IMG,0x4C9484,0x0931F14,0x970,0x2200,0x3D6
0x0460540,0x468A90,RESTART2.IMG,0x4C985A,0x09322EA,0x970,0x2200,0x39B
0x0460540,0x468A90,RESTATE0.IMG,0x4C9BF6,0x0932686,0x970,0x2200,0x16F
0x0460540,0x468A90,RESTATE1.IMG,0x4C9D66,0x09327F6,0x970,0x2200,0x183
0x0460540,0x468A90,RESTATE2.IMG,0x4C9EEA,0x093297A,0x970,0x2200,0x18F
0x0460540,0x468A90,RESTATE3.IMG,0x4CA07A,0x0932B0A,0x970,0x2200,0x18D
0x0460540,0x468A90,RTURNBLK.IMG,0x4CA208,0x0932C98,0x970,0x2200,0x253
0x0460540,0x468A90,RTURNRED.IMG,0x4CA45C,0x0932EEC,0x970,0x2200,0x273
0x0460540,0x468A90,SOUND1.IMG,0x4CA6D0,0x0933160,0x970,0x2200,0x34E
0x0460540,0x468A90,SOUND2.IMG,0x4CAA1E,0x09334AE,0x970,0x2200,0x3AC
0x0460540,0x468A90,TRKLOOP.IMG,0x4CADCA,0x093385A,0x970,0x2200,0x187
0x0460540,0x468A90,TRKNOLOP.IMG,0x4CAF52,0x09339E2,0x970,0x2200,0x177
0x0460540,0x468A90,EPROM.IMG,0x4CB0CA,0x0933B5A,0x970,0x2200,0x187
0x0460540,0x468A90,EPROM1.IMG,0x4CB252,0x0933CE2,0x970,0x2200,0x193
0x0460540,0x468A90,EPROM2.IMG,0x4CB3E6,0x0933E76,0x970,0x2200,0x19D
0x0460540,0x468A90,EPROM3.IMG,0x4CB584,0x0934014,0x970,0x2200,0x1AD
0x0460540,0x468A90,EPROM4.IMG,0x4CB732,0x09341C2,0x970,0x2200,0x1A7
0x0460540,0x468A90,MIDRES.IMG,0x4CB8DA,0x093436A,0x970,0x2200,0x183
0x0460540,0x468A90,HIGHRES.IMG,0x4CBA5E,0x09344EE,0x970,0x2200,0x17F
0x0460540,0x468A90,DOLLAR.IMG,0x4CBBDE,0x093466E,0x970,0x2200,0x365
0x0460540,0x468A90,NODOLLAR.IMG,0x4CBF44,0x09349D4,0x970,0x2200,0x473
0x0460540,0x468A90,WIDGET_E.IMG,0x4CC3B8,0x0934E48,0x810,0x2200,0x1F8
0x0460540,0x468A90,WIDGET_F.IMG,0x4CC5B0,0x0935040,0x810,0x2200,0x1EF
0x0460540,0x468A90,LARROW.IMG,0x4CC7A0,0x0935230,0x1050,0x2200,0x384
0x0460540,0x468A90,RARROW.IMG,0x4CCB24,0x09355B4,0x1050,0x2200,0x3AB
0x0460540,0x468A90,FONT.IMG,0x4CCED0,0x0935960,0x40B0,0x0000,0x40B0
0x0460540,0x468A90,BRFFONT.IMG,0x4D0F80,0x0939A10,0x3697,0x0000,0x3697
0x0460540,0x468A90,SCORFONT.IMG,0x4D4618,0x093D0A8,0x7590,0x0000,0x7590
0x0460540,0x468A90,ALPHFONT.IMG,0x4DBBA8,0x0944638,0x1D70,0x0000,0x1D70
0x0460540,0x468A90,BIGFONT.IMG,0x4DD918,0x09463A8,0x5830,0x0000,0x5830
0x0460540,0x468A90,MONYFNT.IMG,0x4E3148,0x094BBD8,0x3AD0,0x0000,0x3AD0
0x0460540,0x468A90,MENUFONT.IMG,0x4E6C18,0x094F6A8,0x48C4,0x0000,0x48C4
0x0460540,0x468A90,CRDTFONT.IMG,0x4EB4DC,0x0953F6C,0x48C4,0x0000,0x48C4
0x0460540,0x468A90,CRDTFONT.IMG,0x4EFDA0,0x0958830,0x48C4,0x0000,0x48C4
0x0460540,0x468A90,CONQUER.ENG,0x4F4664,0x095D0F4,0x413B,0x0000,0x413B
0x0460540,0x468A90,CONQUER.FRE,0x4F87A0,0x0961230,0x4401,0x0000,0x4401
0x0460540,0x468A90,CONQUER.GER,0x4FCBA2,0x0965632,0x433B,0x0000,0x433B
0x0460540,0x468A90,BRIEFING.ENG,0x500EDE,0x096996E,0xD52,0x0000,0xD52
0x0460540,0x468A90,BRIEFING.FRE,0x501C30,0x096A6C0,0xCC9,0x0000,0xCC9
0x0460540,0x468A90,BRIEFING.GER,0x5028FA,0x096B38A,0xD20,0x0000,0xD20
0x0460540,0x468A90,INTRO.ENG,0x50361A,0x096C0AA,0x26DD,0x0000,0x26DD
0x0460540,0x468A90,INTRO.FRE,0x505CF8,0x096E788,0x2798,0x0000,0x2798
0x0460540,0x468A90,INTRO.GER,0x508490,0x0970F20,0x2513,0x0000,0x2513
0x0460540,0x468A90,AOI.BIN,0x50A9A4,0x0973434,0x2747,0x0000,0x2747
0x0460540,0x468A90,IND.BIN,0x50D0EC,0x0975B7C,0x2F5A,0x0000,0x2F5A
0x0460540,0x468A90,AIR.BIN,0x510046,0x0978AD6,0x24E3,0x0000,0x24E3
0x0460540,0x468A90,LINEFIRE.BIN,0x51252A,0x097AFBA,0x1AB9,0x0000,0x1AB9
0x0460540,0x468A90,RADIO.BIN,0x513FE4,0x097CA74,0x4E39,0x0000,0x4E39
0x0460540,0x468A90,WAR.BIN,0x518E1E,0x09818AE,0x3CE9,0x0000,0x3CE9
0x0460540,0x468A90,TARGET.BIN,0x51CB08,0x0985598,0x3149,0x0000,0x3149
0x0460540,0x468A90,STOPTHEM.BIN,0x51FC52,0x09886E2,0x21C9,0x0000,0x21C9
0x0460540,0x468A90,TROUBLE.BIN,0x521E1C,0x098A8AC,0x358C,0x0000,0x358C
0x0460540,0x468A90,NOMERCY.BIN,0x5253A8,0x098DE38,0x1CB2,0x0000,0x1CB2
0x0460540,0x468A90,MARCH.BIN,0x52705A,0x098FAEA,0x151A,0x0000,0x151A
0x0460540,0x468A90,RAIN.BIN,0x528574,0x0991004,0x1F1A,0x0000,0x1F1A
0x0460540,0x468A90,OTP.BIN,0x52A48E,0x0992F1E,0x24DE,0x0000,0x24DE
0x0460540,0x468A90,BEFEARED.BIN,0x52C96C,0x09953FC,0x338F,0x0000,0x338F
0x0460540,0x468A90,RECON.BIN,0x52FCFC,0x099878C,0x2036,0x0000,0x2036
0x0460540,0x468A90,JDI.BIN,0x531D32,0x099A7C2,0x2D9B,0x0000,0x2D9B
0x0460540,0x468A90,CREEP.BIN,0x534ACE,0x099D55E,0x250B,0x0000,0x250B
0x0460540,0x468A90,MAP.BIN,0x536FDA,0x099FA6A,0x15F2,0x0000,0x15F2
0x0460540,0x468A90,WIN.BIN,0x5385CC,0x09A105C,0xB5D,0x0000,0xB5D
0x0460540,0x468A90,M01MUSIC.BIN,0x53912A,0x09A1BBA,0x393,0x0000,0x393
0x0460540,0x468A90,M02MUSIC.BIN,0x5394BE,0x09A1F4E,0x416,0x0000,0x416
0x0460540,0x468A90,M03MUSIC.BIN,0x5398D4,0x09A2364,0x514,0x0000,0x514
0x0460540,0x468A90,M04MUSIC.BIN,0x539DE8,0x09A2878,0x514,0x0000,0x514
0x0460540,0x468A90,M05MUSIC.BIN,0x53A2FC,0x09A2D8C,0x123,0x0000,0x123
0x0460540,0x468A90,M06MUSIC.BIN,0x53A420,0x09A2EB0,0x410,0x0000,0x410
0x0460540,0x468A90,M06MUSIC.BIN,0x53A830,0x09A32C0,0x410,0x0000,0x410
0x0460540,0x468A90,INTRO.BRF,0x53AC40,0x09A36D0,0xAB7,0x2200,0x322
0x0460540,0x468A90,BLIP1A.IMG,0x53AF62,0x09A39F2,0x288,0x2200,0xB7
0x0460540,0x468A90,BLIP1B.IMG,0x53B01A,0x09A3AAA,0x288,0x2200,0xDE
0x0460540,0x468A90,BLIP1C.IMG,0x53B0F8,0x09A3B88,0x288,0x2200,0xFD
0x0460540,0x468A90,BLIP1D.IMG,0x53B1F6,0x09A3C86,0x288,0x2200,0xFD
0x0460540,0x468A90,BLIP1E.IMG,0x53B2F4,0x09A3D84,0x270,0x2200,0xC4
0x0460540,0x468A90,BLIP2A.IMG,0x53B3B8,0x09A3E48,0x288,0x2200,0xAF
0x0460540,0x468A90,BLIP2B.IMG,0x53B468,0x09A3EF8,0x288,0x2200,0xDC
0x0460540,0x468A90,BLIP2C.IMG,0x53B544,0x09A3FD4,0x288,0x2200,0x105
0x0460540,0x468A90,BLIP2D.IMG,0x53B64A,0x09A40DA,0x288,0x2200,0x10A
0x0460540,0x468A90,BLIP2E.IMG,0x53B754,0x09A41E4,0x26E,0x2200,0xBC
0x0460540,0x468A90,BLIP3A.IMG,0x53B810,0x09A42A0,0x170,0x2200,0x81
0x0460540,0x468A90,BLIP3B.IMG,0x53B892,0x09A4322,0x170,0x2200,0x94
0x0460540,0x468A90,BLIP3C.IMG,0x53B926,0x09A43B6,0x170,0x2200,0xA6
0x0460540,0x468A90,BLIP3D.IMG,0x53B9CC,0x09A445C,0x170,0x2200,0x9C
0x0460540,0x468A90,BLIP3E.IMG,0x53BA68,0x09A44F8,0x156,0x2200,0x72
0x0460540,0x468A90,CNTRLRA.IMG,0x53BADA,0x09A456A,0x257A,0x2200,0xDE2
0x0460540,0x468A90,CNTRLRB.IMG,0x53C8BC,0x09A534C,0x2566,0x2200,0xDBA
0x0460540,0x468A90,CNTRLRC.IMG,0x53D676,0x09A6106,0x255A,0x2200,0xC11
0x0460540,0x468A90,CNTRLRD.IMG,0x53E288,0x09A6D18,0x2474,0x2200,0x89B
0x0460540,0x468A90,CNTRLRE.IMG,0x53EB24,0x09A75B4,0x2492,0x2200,0xA20
0x0460540,0x468A90,CNTRLRF.IMG,0x53F544,0x09A7FD4,0x24D0,0x2200,0xCAC
0x0460540,0x468A90,CNTRLRG.IMG,0x5401F0,0x09A8C80,0x24F6,0x2200,0xD51
0x0460540,0x468A90,CNTRLRH.IMG,0x540F42,0x09A99D2,0x24EC,0x2200,0xCCD
0x0460540,0x468A90,CNTRLRI.IMG,0x541C10,0x09AA6A0,0x24DC,0x2200,0xB47
0x0460540,0x468A90,CNTRLRJ.IMG,0x542758,0x09AB1E8,0x24E2,0x2200,0x918
0x0460540,0x468A90,CNTRLRK.IMG,0x543070,0x09ABB00,0x25B4,0x2200,0xD51
0x0460540,0x468A90,CNTRLRL.IMG,0x543DC2,0x09AC852,0x25EC,0x2200,0xE79
0x0460540,0x468A90,GRIDA.IMG,0x544C3C,0x09AD6CC,0x9630,0x2200,0x13EB
0x0460540,0x468A90,GRIDB.IMG,0x546028,0x09AEAB8,0x9630,0x2200,0x142C
0x0460540,0x468A90,GRIDC.IMG,0x547454,0x09AFEE4,0x9630,0x2200,0x1568
0x0460540,0x468A90,GRIDD.IMG,0x5489BC,0x09B144C,0x9630,0x2200,0x15CF
0x0460540,0x468A90,GRIDE.IMG,0x549F8C,0x09B2A1C,0x9630,0x2200,0x15E7
0x0460540,0x468A90,GRIDF.IMG,0x54B574,0x09B4004,0x9630,0x2200,0x16F0
0x0460540,0x468A90,GRIDG.IMG,0x54CC64,0x09B56F4,0x9630,0x2200,0x16A7
0x0460540,0x468A90,GRIDH.IMG,0x54E30C,0x09B6D9C,0x9616,0x2200,0x1461
0x0460540,0x468A90,GRIDI.IMG,0x54F76E,0x09B81FE,0x9618,0x2200,0x14BF
0x0460540,0x468A90,GRIDJ.IMG,0x550C2E,0x09B96BE,0x9618,0x2200,0x1463
0x0460540,0x468A90,LIPSA.IMG,0x552092,0x09BAB22,0x57E,0x2200,0x2F7
0x0460540,0x468A90,LIPSB.IMG,0x55238A,0x09BAE1A,0x580,0x2200,0x2E2
0x0460540,0x468A90,LIPSC.IMG,0x55266C,0x09BB0FC,0x582,0x2200,0x313
0x0460540,0x468A90,LIPSD.IMG,0x552980,0x09BB410,0x586,0x2200,0x31D
0x0460540,0x468A90,LIPSE.IMG,0x552C9E,0x09BB72E,0x580,0x2200,0x2EC
0x0460540,0x468A90,LIPSF.IMG,0x552F8A,0x09BBA1A,0x588,0x2200,0x31C
0x0460540,0x468A90,LIPSG.IMG,0x5532A6,0x09BBD36,0x582,0x2200,0x316
0x0460540,0x468A90,LIPSH.IMG,0x5535BC,0x09BC04C,0x584,0x2200,0x2D9
0x0460540,0x468A90,LIPSI.IMG,0x553896,0x09BC326,0x584,0x2200,0x2F9
0x0460540,0x468A90,LIPSJ.IMG,0x553B90,0x09BC620,0x584,0x2200,0x30C
0x0460540,0x468A90,N64TXT_A.IMG,0x553E9C,0x09BC92C,0x1370,0x2200,0x311
0x0460540,0x468A90,N64TXT_B.IMG,0x5541AE,0x09BCC3E,0x1374,0x2200,0x35F
0x0460540,0x468A90,N64TXT_C.IMG,0x55450E,0x09BCF9E,0x1376,0x2200,0x3B8
0x0460540,0x468A90,N64TXT_D.IMG,0x5548C6,0x09BD356,0x1376,0x2200,0x406
0x0460540,0x468A90,N64TXT_E.IMG,0x554CCC,0x09BD75C,0x1376,0x2200,0x467
0x0460540,0x468A90,N64TXT_F.IMG,0x555134,0x09BDBC4,0x1376,0x2200,0x4B6
0x0460540,0x468A90,N64TXT_G.IMG,0x5555EA,0x09BE07A,0x1376,0x2200,0x511
0x0460540,0x468A90,N64TXT_H.IMG,0x555AFC,0x09BE58C,0x1376,0x2200,0x548
0x0460540,0x468A90,N64TXT_I.IMG,0x556044,0x09BEAD4,0x1398,0x2200,0x5EE
0x0460540,0x468A90,N64TXT_J.IMG,0x556632,0x09BF0C2,0x1396,0x2200,0x5F0
0x0460540,0x468A90,N64TXT_K.IMG,0x556C22,0x09BF6B2,0x13C2,0x2200,0x747
0x0460540,0x468A90,N64TXT_L.IMG,0x55736A,0x09BFDFA,0x13FC,0x2200,0x849
0x0460540,0x468A90,N64_A.IMG,0x557BB4,0x09C0644,0x2230,0x2200,0x53E
0x0460540,0x468A90,N64_B.IMG,0x5580F2,0x09C0B82,0x2230,0x2200,0x5E1
0x0460540,0x468A90,N64_C.IMG,0x5586D4,0x09C1164,0x2230,0x2200,0x667
0x0460540,0x468A90,N64_D.IMG,0x558D3C,0x09C17CC,0x2230,0x2200,0x6CC
0x0460540,0x468A90,N64_E.IMG,0x559408,0x09C1E98,0x2230,0x2200,0x7B0
0x0460540,0x468A90,N64_F.IMG,0x559BB8,0x09C2648,0x2230,0x2200,0x827
0x0460540,0x468A90,N64_G.IMG,0x55A3E0,0x09C2E70,0x2230,0x2200,0x92A
0x0460540,0x468A90,N64_H.IMG,0x55AD0A,0x09C379A,0x2230,0x2200,0x926
0x0460540,0x468A90,N64_I.IMG,0x55B630,0x09C40C0,0x2230,0x2200,0x94E
0x0460540,0x468A90,N64_J.IMG,0x55BF7E,0x09C4A0E,0x2230,0x2200,0xA26
0x0460540,0x468A90,N64_K.IMG,0x55C9A4,0x09C5434,0x2230,0x2200,0x996
0x0460540,0x468A90,N64_L.IMG,0x55D33A,0x09C5DCA,0x2230,0x2200,0xB51
0x0460540,0x468A90,N64_M.IMG,0x55DE8C,0x09C691C,0x2230,0x2200,0x844
0x0460540,0x468A90,NEXPLO0.IMG,0x55E6D0,0x09C7160,0x12E10,0x2200,0x413C
0x0460540,0x468A90,NEXPLO1.IMG,0x56280C,0x09CB29C,0x12E10,0x2200,0x4102
0x0460540,0x468A90,NEXPLO2.IMG,0x56690E,0x09CF39E,0x12E10,0x2200,0x4780
0x0460540,0x468A90,NEXPLO3.IMG,0x56B08E,0x09D3B1E,0x12E10,0x2200,0x4CCA
0x0460540,0x468A90,NEXPLO4.IMG,0x56FD58,0x09D87E8,0x12E10,0x2200,0x56BB
0x0460540,0x468A90,NEXPLO5.IMG,0x575414,0x09DDEA4,0x12E10,0x2200,0x6620
0x0460540,0x468A90,NEXPLO6.IMG,0x57BA34,0x09E44C4,0x12E10,0x2200,0x73F8
0x0460540,0x468A90,NEXPLO7.IMG,0x582E2C,0x09EB8BC,0x12E10,0x2200,0x7840
0x0460540,0x468A90,NEXPLO8.IMG,0x58A66C,0x09F30FC,0x12E10,0x2200,0x8BC6
0x0460540,0x468A90,NEXPLO9.IMG,0x593232,0x09FBCC2,0x12E10,0x2200,0x876A
0x0460540,0x468A90,NEXPLO10.IMG,0x59B99C,0x0A0442C,0x12E10,0x2200,0x7C8E
0x0460540,0x468A90,NEXPLO11.IMG,0x5A362A,0x0A0C0BA,0x12E10,0x2200,0x7219
0x0460540,0x468A90,NEXPLO12.IMG,0x5AA844,0x0A132D4,0x12E10,0x2200,0x655A
0x0460540,0x468A90,NEXPLO13.IMG,0x5B0D9E,0x0A1982E,0x12E10,0x2200,0x5C2B
0x0460540,0x468A90,NEXPLO14.IMG,0x5B69CA,0x0A1F45A,0x12E10,0x2200,0x4F9C
0x0460540,0x468A90,NEXPLO15.IMG,0x5BB966,0x0A243F6,0x12E10,0x2200,0x4671
0x0460540,0x468A90,NEXPLO16.IMG,0x5BFFD8,0x0A28A68,0x12E10,0x2200,0x3DCB
0x0460540,0x468A90,NEXPLO17.IMG,0x5C3DA4,0x0A2C834,0x12E10,0x2200,0x3621
0x0460540,0x468A90,NEXPLO18.IMG,0x5C73C6,0x0A2FE56,0x12E10,0x2200,0x2E5C
0x0460540,0x468A90,NEXPLO19.IMG,0x5CA222,0x0A32CB2,0x12D88,0x2200,0x2679
0x0460540,0x468A90,NEXPLO20.IMG,0x5CC89C,0x0A3532C,0x12D6A,0x2200,0x2614
0x0460540,0x468A90,NEXPLO21.IMG,0x5CEEB0,0x0A37940,0x12CBA,0x2200,0x24D3
0x0460540,0x468A90,NEXPLO22.IMG,0x5D1384,0x0A39E14,0x12C48,0x2200,0x23FD
0x0460540,0x468A90,NEXPLO23.IMG,0x5D3782,0x0A3C212,0x12C10,0x1100,0x238B
0x0460540,0x468A90,RUN1.IMG,0x5D5B0E,0x0A3E59E,0x330,0x2200,0x147
0x0460540,0x468A90,RUN2.IMG,0x5D5C56,0x0A3E6E6,0x330,0x2200,0x174
0x0460540,0x468A90,RUN3.IMG,0x5D5DCA,0x0A3E85A,0x330,0x2200,0x199
0x0460540,0x468A90,RUN4.IMG,0x5D5F64,0x0A3E9F4,0x330,0x2200,0x150
0x0460540,0x468A90,RUN5.IMG,0x5D60B4,0x0A3EB44,0x330,0x2200,0x175
0x0460540,0x468A90,RUN6.IMG,0x5D622A,0x0A3ECBA,0x330,0x2200,0x188
0x0460540,0x468A90,STAND1.IMG,0x5D63B2,0x0A3EE42,0x330,0x2200,0x1C6
0x0460540,0x468A90,STAND2.IMG,0x5D6578,0x0A3F008,0x330,0x2200,0x1BF
0x0460540,0x468A90,STAND3.IMG,0x5D6738,0x0A3F1C8,0x330,0x2200,0x1C5
0x0460540,0x468A90,STAND4.IMG,0x5D68FE,0x0A3F38E,0x330,0x2200,0x1CA
0x0460540,0x468A90,HINTDATA.ENG,0x5D6AC8,0x0A3F558,0x19BB,0x2200,0x80D
0x0460540,0x468A90,HINTDATA.FRE,0x5D72D6,0x0A3FD66,0x1853,0x2200,0x7E9
0x0460540,0x468A90,HINTDATA.GER,0x5D7AC0,0x0A40550,0x1AD4,0x2200,0x8C4
0x0460540,0x468A90,GHINT1.IMG,0x5D8384,0x0A40E14,0x4D10,0x2200,0x1037
0x0460540,0x468A90,GHINT2.IMG,0x5D93BC,0x0A41E4C,0x4D10,0x2200,0x1037
0x0460540,0x468A90,GHINT3.IMG,0x5DA3F4,0x0A42E84,0x4D10,0x2200,0x1037
0x0460540,0x468A90,GHINT4.IMG,0x5DB42C,0x0A43EBC,0x4D10,0x2200,0x1037
0x0460540,0x468A90,GHINT5.IMG,0x5DC464,0x0A44EF4,0x4D10,0x2200,0x1037
0x0460540,0x468A90,NHINT1.IMG,0x5DD49C,0x0A45F2C,0x5B20,0x2200,0x12A8
0x0460540,0x468A90,NHINT2.IMG,0x5DE744,0x0A471D4,0x5B20,0x2200,0x12A8
0x0460540,0x468A90,NHINT3.IMG,0x5DF9EC,0x0A4847C,0x5B20,0x2200,0x12A8
0x0460540,0x468A90,NHINT4.IMG,0x5E0C94,0x0A49724,0x5B20,0x2200,0x12A8
0x0460540,0x468A90,NHINT5.IMG,0x5E1F3C,0x0A4A9CC,0x5B20,0x2200,0x12A8
0x0460540,0x468A90,NHINT5.IMG,0x5E31E4,0x0A4BC74,0x5B20,0x2200,0x12A8
0x0A4D778,0xA4DB80,N1285.MRT,0x2BD3DC,0x0D0AF5C,0x137FC,0x0000,0x137FC
0x0A4D778,0xA4DB80,N1385.MRT,0x2D0BD8,0x0D1E758,0x8B24,0x0000,0x8B24
0x0A4D778,0xA4DB80,STATIC.MRT,0x2D96FC,0x0D2727C,0x4E0,0x0000,0x4E0
0x0A4D778,0xA4DB80,STATIC2.MRT,0x2D9BDC,0x0D2775C,0x1CC0,0x0000,0x1CC0
0x0A4D778,0xA4DB80,STATIC3.MRT,0x2DB89C,0x0D2941C,0xD44,0x0000,0xD44
0x0A4D778,0xA4DB80,EVABEEP1.MRT,0x2DC5E0,0x0D2A160,0x1D4,0x0000,0x1D4
0x0A4D778,0xA4DB80,EVABEEP2.MRT,0x2DC7B4,0x0D2A334,0x298,0x0000,0x298
0x0A4D778,0xA4DB80,EVABEEP3.MRT,0x2DCA4C,0x0D2A5CC,0xB0,0x0000,0xB0
0x0A4D778,0xA4DB80,EVABEEP4.MRT,0x2DCAFC,0x0D2A67C,0x258,0x0000,0x258
0x0A4D778,0xA4DB80,EVABEEP5.MRT,0x2DCD54,0x0D2A8D4,0x134,0x0000,0x134
0x0A4D778,0xA4DB80,EVABEEP6.MRT,0x2DCE88,0x0D2AA08,0x2D8,0x0000,0x2D8
0x0A4D778,0xA4DB80,EVABEEP7.MRT,0x2DD160,0x0D2ACE0,0x584,0x0000,0x584
0x0A4D778,0xA4DB80,EVABEEP8.MRT,0x2DD6E4,0x0D2B264,0x298,0x0000,0x298
0x0A4D778,0xA4DB80,EVABEEP9.MRT,0x2DD97C,0x0D2B4FC,0xF8C,0x0000,0xF8C
0x0A4D778,0xA4DB80,EVABEEPA.MRT,0x2DE908,0x0D2C488,0xDE4,0x0000,0xDE4
0x0A4D778,0xA4DB80,EVABEEPB.MRT,0x2DF6EC,0x0D2D26C,0xF4,0x0000,0xF4
0x0A4D778,0xA4DB80,EVABEEPC.MRT,0x2DF7E0,0x0D2D360,0x194,0x0000,0x194
0x0A4D778,0xA4DB80,EVATYPE.MRT,0x2DF974,0x0D2D4F4,0x1B4,0x0000,0x1B4
0x0A4D778,0xA4DB80,BEEP_D.MRT,0x2DFB28,0x0D2D6A8,0x440,0x0000,0x440
0x0A4D778,0xA4DB80,BEEP_E.MRT,0x2DFF68,0x0D2DAE8,0x1D8,0x0000,0x1D8
0x0A4D778,0xA4DB80,BEEP_F.MRT,0x2E0140,0x0D2DCC0,0x1D8,0x0000,0x1D8
0x0A4D778,0xA4DB80,BEEP_G.MRT,0x2E0318,0x0D2DE98,0xC60,0x0000,0xC60
0x0A4D778,0xA4DB80,BEEP_H.MRT,0x2E0F78,0x0D2EAF8,0x194,0x0000,0x194
0x0A4D778,0xA4DB80,GDI2.BRF,0x2E110C,0x0D2EC8C,0x3314,0x2200,0x1622
0x0A4D778,0xA4DB80,GDI4A.BRF,0x2E272E,0x0D302AE,0x3141,0x2200,0x1538
0x0A4D778,0xA4DB80,GDI4B.BRF,0x2E3C66,0x0D317E6,0x32AD,0x2200,0x15B7
0x0A4D778,0xA4DB80,GDI5.BRF,0x2E521E,0x0D32D9E,0x80E9,0x2200,0x2A1D
0x0A4D778,0xA4DB80,GDI6.BRF,0x2E7C3C,0x0D357BC,0x2B00,0x2200,0x1315
0x0A4D778,0xA4DB80,GDI7.BRF,0x2E8F52,0x0D36AD2,0x2096,0x2200,0xFAB
0x0A4D778,0xA4DB80,GDI8A.BRF,0x2E9EFE,0x0D37A7E,0x269D,0x2200,0x1087
0x0A4D778,0xA4DB80,GDI9.BRF,0x2EAF86,0x0D38B06,0x2598,0x2200,0x1196
0x0A4D778,0xA4DB80,GDI10.BRF,0x2EC11C,0x0D39C9C,0x3024,0x2200,0x1533
0x0A4D778,0xA4DB80,GDI12.BRF,0x2ED650,0x0D3B1D0,0x3A9F,0x2200,0x17B1
0x0A4D778,0xA4DB80,NOD5.BRF,0x2EEE02,0x0D3C982,0x3463,0x2200,0x15C9
0x0A4D778,0xA4DB80,NOD8.BRF,0x2F03CC,0x0D3DF4C,0x32F5,0x2200,0x159C
0x0A4D778,0xA4DB80,NOD10A.BRF,0x2F1968,0x0D3F4E8,0x3237,0x2200,0x1574
0x0A4D778,0xA4DB80,NOD10B.BRF,0x2F2EDC,0x0D40A5C,0x3388,0x2200,0x163D
0x0A4D778,0xA4DB80,M01SFX.BIN,0x2F451A,0x0D4209A,0x550,0x0000,0x550
0x0A4D778,0xA4DB80,M02SFX.BIN,0x2F4A6A,0x0D425EA,0x4A3,0x0000,0x4A3
0x0A4D778,0xA4DB80,M03SFX.BIN,0x2F4F0E,0x0D42A8E,0x6A7,0x0000,0x6A7
0x0A4D778,0xA4DB80,M04SFX.BIN,0x2F55B6,0x0D43136,0xF0E,0x0000,0xF0E
0x0A4D778,0xA4DB80,M05SFX.BIN,0x2F64C4,0x0D44044,0x134,0x0000,0x134
0x0A4D778,0xA4DB80,M06SFX.BIN,0x2F65F8,0x0D44178,0x62D,0x0000,0x62D
0x0D45008,0xD45410,N1285.MRT,0x2DA068,0x101F478,0x14710,0x0000,0x14710
0x0D45008,0xD45410,N1385.MRT,0x2EE778,0x1033B88,0x87B4,0x0000,0x87B4
0x0D45008,0xD45410,STATIC.MRT,0x2F6F2C,0x103C33C,0x4E0,0x0000,0x4E0
0x0D45008,0xD45410,STATIC2.MRT,0x2F740C,0x103C81C,0x1CC0,0x0000,0x1CC0
0x0D45008,0xD45410,STATIC3.MRT,0x2F90CC,0x103E4DC,0xD44,0x0000,0xD44
0x0D45008,0xD45410,EVABEEP1.MRT,0x2F9E10,0x103F220,0x1D4,0x0000,0x1D4
0x0D45008,0xD45410,EVABEEP2.MRT,0x2F9FE4,0x103F3F4,0x298,0x0000,0x298
0x0D45008,0xD45410,EVABEEP3.MRT,0x2FA27C,0x103F68C,0xB0,0x0000,0xB0
0x0D45008,0xD45410,EVABEEP4.MRT,0x2FA32C,0x103F73C,0x258,0x0000,0x258
0x0D45008,0xD45410,EVABEEP5.MRT,0x2FA584,0x103F994,0x134,0x0000,0x134
0x0D45008,0xD45410,EVABEEP6.MRT,0x2FA6B8,0x103FAC8,0x2D8,0x0000,0x2D8
0x0D45008,0xD45410,EVABEEP7.MRT,0x2FA990,0x103FDA0,0x584,0x0000,0x584
0x0D45008,0xD45410,EVABEEP8.MRT,0x2FAF14,0x1040324,0x298,0x0000,0x298
0x0D45008,0xD45410,EVABEEP9.MRT,0x2FB1AC,0x10405BC,0xF8C,0x0000,0xF8C
0x0D45008,0xD45410,EVABEEPA.MRT,0x2FC138,0x1041548,0xDE4,0x0000,0xDE4
0x0D45008,0xD45410,EVABEEPB.MRT,0x2FCF1C,0x104232C,0xF4,0x0000,0xF4
0x0D45008,0xD45410,EVABEEPC.MRT,0x2FD010,0x1042420,0x194,0x0000,0x194
0x0D45008,0xD45410,EVATYPE.MRT,0x2FD1A4,0x10425B4,0x1B4,0x0000,0x1B4
0x0D45008,0xD45410,BEEP_D.MRT,0x2FD358,0x1042768,0x440,0x0000,0x440
0x0D45008,0xD45410,BEEP_E.MRT,0x2FD798,0x1042BA8,0x1D8,0x0000,0x1D8
0x0D45008,0xD45410,BEEP_F.MRT,0x2FD970,0x1042D80,0x1D8,0x0000,0x1D8
0x0D45008,0xD45410,BEEP_G.MRT,0x2FDB48,0x1042F58,0xC60,0x0000,0xC60
0x0D45008,0xD45410,BEEP_H.MRT,0x2FE7A8,0x1043BB8,0x194,0x0000,0x194
0x0D45008,0xD45410,GDI2.BRF,0x2FE93C,0x1043D4C,0x33E4,0x2200,0x1690
0x0D45008,0xD45410,GDI4A.BRF,0x2FFFCC,0x10453DC,0x3141,0x2200,0x1538
0x0D45008,0xD45410,GDI4B.BRF,0x301504,0x1046914,0x32AD,0x2200,0x15B7
0x0D45008,0xD45410,GDI5.BRF,0x302ABC,0x1047ECC,0x83C3,0x2200,0x2AED
0x0D45008,0xD45410,GDI6.BRF,0x3055AA,0x104A9BA,0x2B6F,0x2200,0x137E
0x0D45008,0xD45410,GDI7.BRF,0x306928,0x104BD38,0x2105,0x2200,0xFED
0x0D45008,0xD45410,GDI8A.BRF,0x307916,0x104CD26,0x27BC,0x2200,0x10FF
0x0D45008,0xD45410,GDI9.BRF,0x308A16,0x104DE26,0x2607,0x2200,0x11D8
0x0D45008,0xD45410,GDI12.BRF,0x309BEE,0x104EFFE,0x3BFE,0x2200,0x182E
0x0D45008,0xD45410,GDI10.BRF,0x30B41C,0x105082C,0x3024,0x2200,0x1533
0x0D45008,0xD45410,NOD5.BRF,0x30C950,0x1051D60,0x3463,0x2200,0x15C9
0x0D45008,0xD45410,NOD8.BRF,0x30DF1A,0x105332A,0x32F5,0x2200,0x159C
0x0D45008,0xD45410,NOD10A.BRF,0x30F4B6,0x10548C6,0x3237,0x2200,0x1574
0x0D45008,0xD45410,NOD10B.BRF,0x310A2A,0x1055E3A,0x3388,0x2200,0x163D
0x0D45008,0xD45410,M01SFX.BIN,0x312068,0x1057478,0x552,0x0000,0x552
0x0D45008,0xD45410,M02SFX.BIN,0x3125BA,0x10579CA,0x4A3,0x0000,0x4A3
0x0D45008,0xD45410,M03SFX.BIN,0x312A5E,0x1057E6E,0x6A7,0x0000,0x6A7
0x0D45008,0xD45410,M04SFX.BIN,0x313106,0x1058516,0xF0E,0x0000,0xF0E
0x0D45008,0xD45410,M05SFX.BIN,0x314014,0x1059424,0x136,0x0000,0x136
0x0D45008,0xD45410,M06SFX.BIN,0x31414A,0x105955A,0x62F,0x0000,0x62F
